"Rank","Country","Nick","SiteName","UserID","Rating","Raw_Skill","Multiplier","Role","Tier","Matches","Wins","Losses","Win_Rate","Win_Loss_Ratio","Goals_PG","Assists_PG","Saves_PG","OwnGoals_PG","Total_Goals","Total_Assists","Total_Saves","Total_OwnGoals","MVP_Count","MVP_Per_Win","Offensive_Ratio","Defensive_Ratio","Playmaker_Ratio","Efficiency","Impact","Goalkeeping_Index","Defense_Reliability","Total_Actions"
"1","🇳🇱","fycnamed (791K)","Plast1k","97532","10.0","10.00","1.034","Elite Goalkeeper","S-Tier","13391","7095","6296","52.98","1.13","0.27","0.25","3.18","0.17","3675","3336","42599","2304","3286","46.31","52.42","92.06","47.58","0.52","3.28","85.87","18.49","49610"
"2","🇮🇹","snowy (792K)","Nowhere","291964","9.8","9.68","1.012","Elite Striker","S-Tier","11182","7537","3645","67.40","2.07","1.68","0.61","1.29","0.11","18834","6813","14387","1221","3478","46.15","73.44","43.31","26.56","2.29","2.86","35.94","11.78","40034"
"3","🇭🇳","[x] (608K)","Navitas","351176","9.6","10.00","0.955","Elite Striker","S-Tier","8742","5544","3198","63.42","1.73","1.43","0.59","1.74","0.19","12506","5159","15210","1648","2686","48.45","70.80","54.88","29.20","2.02","2.98","46.27","9.23","32875"
"4","🇪🇬","hesitanttongue96 (598K)","yahyaalghnam","299204","9.6","10.00","0.964","Elite Goalkeeper","S-Tier","9085","5169","3916","56.90","1.32","1.16","0.49","2.26","0.18","10540","4435","20568","1659","2410","46.62","70.38","66.12","29.62","1.65","3.24","57.87","12.40","35543"
"5","🇸🇪","ai8nam~ (882K)","Ibra","172522","9.5","9.45","1.001","Elite Striker","S-Tier","10086","7189","2897","71.28","2.48","2.76","0.64","0.82","0.10","27802","6505","8320","1017","4492","62.48","81.04","23.03","18.96","3.40","3.48","19.52","8.18","42627"
"6","🇵🇱","|w| (825K)","kingofgame","287705","9.5","10.00","0.954","Elite Striker","S-Tier","8703","6319","2384","72.61","2.65","2.37","0.74","2.12","0.16","20595","6438","18434","1353","3789","59.96","76.18","47.23","23.82","3.11","4.33","40.54","13.62","45467"
"7","🇭🇺","imsippinteainyohood (759K)","Dani12312","258158","9.5","10.00","0.952","Elite Striker","S-Tier","8626","5313","3313","61.59","1.60","2.56","0.66","2.43","0.17","22068","5652","20947","1445","2749","51.74","79.61","48.70","20.39","3.21","4.82","43.04","14.50","48667"
"8","🇧🇷","bzk'nyron (684K)","Niron","271320","9.5","9.41","1.013","Elite Striker","S-Tier","11318","6200","5118","54.78","1.21","1.43","0.47","1.44","0.19","16169","5265","16297","2160","3314","53.45","75.44","50.20","24.56","1.89","2.68","43.19","7.54","37731"
"9","🇭🇺","-ffs-phautgo (667K)","Coolin","334284","9.4","9.66","0.976","Elite Striker","S-Tier","9509","6459","3050","67.93","2.12","1.73","0.64","1.14","0.11","16471","6126","10834","1036","3324","51.46","72.89","39.68","27.11","2.38","2.76","32.41","10.46","33431"
"10","🇵🇱","baker (593K)","BAK3R","246124","9.2","9.58","0.961","Elite Striker","S-Tier","8968","5249","3719","58.53","1.41","1.61","0.56","1.39","0.15","14428","5033","12483","1309","2610","49.72","74.14","46.39","25.86","2.17","2.85","39.08","9.54","31944"
"11","🇪🇨","[hvs]al3x (791K)","Al3xV10","178324","9.1","9.04","1.010","Elite Striker","S-Tier","10979","6472","4507","58.95","1.44","2.09","0.59","1.01","0.19","22991","6511","11094","2068","3560","55.01","77.93","32.55","22.07","2.69","2.92","27.33","5.36","40596"
"12","🇱🇻","fycramos (624K)","Ramosx4","165308","9.1","9.04","1.011","Elite Striker","S-Tier","11099","5777","5322","52.05","1.09","1.54","0.42","1.49","0.14","17076","4626","16583","1604","2411","41.73","78.68","49.27","21.32","1.96","2.89","43.31","10.34","38285"
"13","🇭🇺","0x5eed (426K)","dylij1e8bl1y","325981","9.0","10.00","0.897","Elite Striker","A-Tier","6674","3961","2713","59.35","1.46","1.80","0.64","1.80","0.20","11987","4244","12007","1304","2111","53.29","73.85","50.04","26.15","2.43","3.40","42.52","9.21","28238"
"14","🇦🇷","[hvs]survivor (910K)","#Survivor","66783","8.9","8.34","1.062","Elite Striker","A-Tier","16228","8748","7480","53.91","1.17","1.51","0.47","0.90","0.15","24482","7702","14533","2413","4321","49.39","76.07","37.25","23.93","1.98","2.26","31.11","6.02","46717"
"15","🇹🇷","ept.antepli (662K)","#AntepLi","353995","8.8","8.60","1.019","Standard Playmaker","A-Tier","11903","7031","4872","59.07","1.44","0.98","0.48","1.49","0.14","11666","5708","17766","1611","2736","38.91","67.15","60.36","32.85","1.46","2.34","50.56","11.03","35140"
"16","🇩🇪","bestfake (606K)","JustAProPlayer","399852","8.6","8.59","1.004","Elite Striker","A-Tier","10380","6392","3988","61.58","1.60","1.30","0.72","1.09","0.13","13524","7484","11287","1347","2237","35.00","64.38","45.49","35.62","2.02","2.26","34.95","8.38","32295"
"17","🇪🇬","whorizen (511K)","SIyVeR","285733","8.6","9.30","0.920","Elite Striker","A-Tier","7483","4349","3134","58.12","1.39","1.81","0.63","1.31","0.17","13547","4725","9797","1269","1927","44.31","74.14","41.97","25.86","2.44","2.95","34.90","7.72","28069"
"18","🇫🇮","attonly (399K)","waywt","424950","8.6","9.70","0.888","Elite Striker","A-Tier","6344","3275","3069","51.62","1.07","1.30","0.58","1.83","0.22","8241","3661","11638","1421","1449","44.24","69.24","58.54","30.76","1.88","2.91","49.44","8.19","23540"
"19","🇭🇺","os|hard (379K)","Hard23","286247","8.6","9.93","0.862","Elite Striker","A-Tier","5417","2974","2443","54.90","1.22","1.53","0.53","1.82","0.14","8278","2877","9867","771","1219","40.99","74.21","54.38","25.79","2.06","3.21","46.94","12.80","21022"
"20","🇪🇬","bad (222K)","besoashraf","110361","8.5","9.96","0.850","Elite Striker","A-Tier","5007","2486","2521","49.65","0.99","1.32","0.51","2.12","0.18","6600","2532","10591","901","995","40.02","72.27","61.61","27.73","1.82","3.25","53.70","11.75","19723"
"21","🇹🇷","-ffs-xecu (682K)","xecu","198795","8.4","8.26","1.022","Elite Striker","A-Tier","12245","7137","5108","58.29","1.40","1.28","0.50","1.03","0.12","15654","6101","12610","1512","3013","42.22","71.96","44.62","28.04","1.78","2.18","36.69","8.34","34365"
"22","🇭🇺","quashy.vou_te_comer (375K)","VanDerSar","187639","8.4","9.31","0.899","Elite Striker","A-Tier","6737","3552","3185","52.72","1.12","1.70","0.60","1.52","0.16","11457","4028","10252","1065","1414","39.81","73.99","47.22","26.01","2.30","3.06","39.83","9.63","25737"
"23","🇸🇰","[fyc]smoothy (310K)","Smothy","325680","8.4","9.72","0.863","Elite Goalkeeper","A-Tier","5454","2458","2996","45.07","0.82","0.73","0.39","2.63","0.16","3957","2102","14337","890","968","39.38","65.31","78.37","34.69","1.11","3.19","70.29","16.11","20396"
"24","🇪🇬","zizo (881K)","funzorro","96477","8.3","7.83","1.058","Elite Striker","A-Tier","15811","9133","6678","57.76","1.37","1.49","0.58","0.64","0.14","23600","9115","10182","2173","3642","39.88","72.14","30.14","27.86","2.07","2.00","23.74","4.69","42897"
"25","🇸🇦","puzzlingcoonskin13 (540K)","notafk","278338","8.3","8.29","1.003","Standard Playmaker","A-Tier","10259","5516","4743","53.77","1.16","0.86","0.45","1.53","0.12","8799","4576","15655","1229","2243","40.66","65.79","64.02","34.21","1.30","2.26","53.93","12.74","29030"
"26","🇪🇬","noney (462K)","xxIMaRVeLIxx","340264","8.3","8.87","0.942","Elite Striker","A-Tier","8290","4826","3464","58.21","1.39","1.75","0.70","1.04","0.21","14483","5807","8603","1776","2103","43.58","71.38","37.27","28.62","2.45","2.57","29.78","4.84","28893"
"27","🇵🇪","lelao (494K)","Tristan15Andre","384038","8.2","8.46","0.971","Standard Playmaker","A-Tier","9321","5166","4155","55.42","1.24","0.92","0.43","1.55","0.15","8601","4018","14402","1437","2099","40.63","68.16","62.61","31.84","1.35","2.31","53.30","10.02","27021"
"28","🇹🇷","ept.hexit (452K)","Hexit","266369","8.2","8.63","0.947","Elite Goalkeeper","A-Tier","8449","4356","4093","51.56","1.06","0.83","0.39","1.85","0.13","7007","3316","15593","1136","1692","38.84","67.88","69.00","32.12","1.22","2.54","60.17","13.73","25916"
"29","🇹🇷","beta (684K)","BeTa","280622","8.1","7.86","1.029","Standard Playmaker","A-Tier","12854","7636","5218","59.41","1.46","1.16","0.52","0.94","0.12","14872","6730","12020","1570","2910","38.11","68.85","44.70","31.15","1.68","1.97","35.75","7.66","33622"
"30","🇹🇷","fyclorente (870K)","Lorente","258735","8.0","7.44","1.069","Elite Striker","A-Tier","16888","9648","7240","57.13","1.33","1.38","0.45","0.62","0.13","23295","7594","10428","2226","3845","39.85","75.42","30.92","24.58","1.83","1.87","25.24","4.68","41317"
"31","🇹🇷","ept.watson (551K)","watsonn12","330874","8.0","7.94","1.005","Standard Playmaker","A-Tier","10537","5968","4569","56.64","1.31","1.08","0.50","1.16","0.12","11367","5309","12250","1305","2121","35.54","68.16","51.87","31.84","1.58","2.12","42.35","9.39","28926"
"32","🇨🇿","fyc:MaDa (546K)","madA98","11904","8.0","8.12","0.990","Elite Striker","A-Tier","9984","5197","4787","52.05","1.09","1.32","0.49","1.06","0.13","13217","4941","10535","1311","2227","42.85","72.79","44.35","27.21","1.82","2.25","36.72","8.04","28693"
"33","🇫🇷","fycputra (509K)","zakabare","167953","8.0","8.07","0.985","Standard Playmaker","A-Tier","9836","4900","4936","49.82","0.99","0.96","0.45","1.45","0.15","9443","4440","14220","1492","1914","39.06","68.02","60.09","31.98","1.41","2.25","50.60","9.53","28103"
"34","🇨🇦","fycwhf (467K)","Whiffen","280269","8.0","8.54","0.931","Elite Striker","A-Tier","7909","4143","3766","52.38","1.10","1.59","0.51","1.11","0.16","12547","4049","8741","1275","1844","44.51","75.60","41.06","24.40","2.10","2.53","34.50","6.86","25337"
"35","🇸🇦","ixchell (404K)","GuestofHonor","405513","8.0","9.14","0.877","Elite Striker","A-Tier","5960","3090","2870","51.85","1.08","1.92","0.64","1.28","0.20","11444","3796","7620","1193","1520","49.19","75.09","39.97","24.91","2.56","3.00","33.33","6.39","22860"
"36","🇹🇳","#error-404 (398K)","#RAMSII","301168","8.0","8.89","0.896","Elite Striker","A-Tier","6629","3687","2942","55.62","1.25","1.51","0.57","1.18","0.15","9993","3767","7806","983","1636","44.37","72.62","43.86","27.38","2.08","2.54","36.20","7.94","21566"
"37","🇷🇺","[skc]aveng3r (327K)","Aveng3r","66929","8.0","9.36","0.856","Elite Striker","A-Tier","5222","3033","2189","58.08","1.39","1.50","0.58","1.27","0.14","7822","3053","6658","745","1486","48.99","71.93","45.98","28.07","2.08","2.63","37.97","8.94","17533"
"38","🇵🇪","cris_mj_te_amo (560K)","skull1","306511","7.9","8.29","0.953","Opportunist Striker","A-Tier","8666","3849","4817","44.41","0.80","2.16","0.54","1.16","0.29","18751","4660","10077","2503","1696","44.06","80.09","34.96","19.91","2.70","3.04","30.09","4.03","33488"
"39","🇹🇷","""kellog (480K)","probiyotik","318661","7.9","7.88","1.003","Passive Goalkeeper","A-Tier","10270","4407","5863","42.91","0.75","0.64","0.33","1.92","0.16","6535","3402","19688","1626","1483","33.65","65.76","75.08","34.24","0.97","2.40","66.46","12.11","29625"
"40","🇸🇦","nvage/e (567K)","Nuage","270975","7.8","7.71","1.011","Standard Playmaker","A-Tier","11082","6131","4951","55.32","1.24","1.11","0.55","1.01","0.12","12312","6121","11247","1385","2160","35.23","66.79","47.74","33.21","1.66","2.00","37.89","8.12","29680"
"41","🇭🇺","[fyc]lokke77 (524K)","lokke77","199826","7.8","7.82","1.001","Standard Playmaker","A-Tier","10088","5081","5007","50.37","1.01","1.13","0.48","1.18","0.13","11429","4817","11913","1355","1909","37.57","70.35","51.04","29.65","1.61","2.18","42.31","8.79","28159"
"42","🇹🇷","[FYC]MuRaT (448K)","canmurat058","292794","7.8","8.28","0.943","Elite Striker","A-Tier","8315","4089","4226","49.18","0.97","1.22","0.48","1.34","0.15","10127","3957","11156","1275","1648","40.30","71.90","52.42","28.10","1.69","2.41","44.20","8.75","25240"
"43","🇭🇷","veri$on (426K)","Veri$on","176708","7.8","8.67","0.904","Elite Striker","A-Tier","6936","3990","2946","57.53","1.35","1.38","0.56","1.16","0.12","9575","3878","8027","843","1664","41.70","71.17","45.60","28.83","1.94","2.42","37.37","9.52","21480"
"44","🇵🇱","ca-22puckovsky (396K)","Puckovsky","102411","7.8","8.78","0.884","Elite Striker","A-Tier","6231","3419","2812","54.87","1.22","1.66","0.64","1.14","0.16","10336","3971","7112","983","1422","41.59","72.24","40.76","27.76","2.30","2.64","33.20","7.23","21419"
"45","🇪🇬","maldini (332K)","kegz","407545","7.8","8.86","0.876","Elite Goalkeeper","A-Tier","5911","3399","2512","57.50","1.35","0.88","0.50","1.70","0.13","5223","2936","10040","793","1369","40.28","64.02","65.78","35.98","1.38","2.45","55.17","12.66","18199"
"46","🇵🇱","deyna (276K)","Crystian321","254560","7.8","9.25","0.837","Ball-Chasing Striker","A-Tier","4790","2031","2759","42.40","0.74","1.30","0.48","2.00","0.18","6241","2276","9586","866","729","35.89","73.28","60.57","26.72","1.78","3.12","52.95","11.07","18103"
"47","🇹🇳","k-99 (637K)","dragon222","414837","7.7","7.46","1.032","All-Round Midfielder","A-Tier","13190","6810","6380","51.63","1.07","0.88","0.41","1.29","0.13","11673","5461","17077","1713","2169","31.85","68.13","59.40","31.87","1.30","2.05","49.92","9.97","34211"
"48","🇨🇴","michael.jordan (285K)","K3vinescape","405235","7.7","9.04","0.857","Elite Goalkeeper","A-Tier","5247","2845","2402","54.22","1.18","0.69","0.38","2.08","0.16","3608","2005","10926","822","1159","40.74","64.28","75.18","35.72","1.07","2.61","66.06","13.29","16539"
"49","🇪🇬","eeeeeee (374K)","SheRiF13","390467","7.6","8.55","0.889","Elite Striker","A-Tier","6407","3592","2815","56.06","1.28","1.45","0.61","1.05","0.15","9304","3903","6723","932","1480","41.20","70.45","41.95","29.55","2.06","2.36","33.73","7.21","19930"
"50","🇪🇬","3bqary (311K)","Samurai74","433924","7.6","8.82","0.865","Elite Striker","A-Tier","5538","2742","2796","49.51","0.98","1.20","0.50","1.61","0.20","6653","2785","8900","1134","1111","40.52","70.49","57.22","29.51","1.70","2.60","48.53","7.85","18338"
"51","🇹🇷","tsubasaozara (256K)","matindark","468241","7.6","9.81","0.778","Elite Striker","A-Tier","3799","1848","1951","48.64","0.95","1.67","0.49","1.69","0.21","6334","1860","6422","800","1028","55.63","77.30","50.34","22.70","2.16","3.15","43.94","8.03","14616"
"52","🇹🇷","theaim (439K)","cosmopolitan","336329","7.5","8.08","0.933","Elite Striker","A-Tier","7953","4085","3868","51.36","1.06","1.44","0.57","0.97","0.16","11432","4520","7680","1297","1624","39.76","71.66","40.18","28.34","2.01","2.24","32.50","5.92","23632"
"53","🇭🇺","1885 (417K)","Danihe","370903","7.5","8.04","0.929","All-Round Midfielder","B-Tier","7828","4420","3408","56.46","1.30","1.12","0.54","1.18","0.12","8772","4201","9247","934","1533","34.68","67.62","51.32","32.38","1.66","2.18","41.62","9.90","22220"
"54","🇪🇬","[hfg]afandy^ (408K)","youssefyoussef","148441","7.5","8.68","0.866","Elite Striker","A-Tier","5577","3389","2188","60.77","1.55","2.24","0.54","0.83","0.18","12476","2991","4607","978","1874","55.30","80.66","26.97","19.34","2.77","2.89","22.95","4.71","20074"
"55","🇹🇷","dolsfor (407K)","DoIsFor","329121","7.5","8.49","0.887","Elite Striker","A-Tier","6309","3407","2902","54.00","1.17","1.98","0.63","1.01","0.21","12503","3999","6376","1343","1443","42.35","75.77","33.77","24.23","2.62","2.78","27.87","4.75","22878"
"56","🇮🇱","supertarsier73 (395K)","ftDKross","257790","7.5","8.45","0.885","Elite Striker","B-Tier","6240","3725","2515","59.70","1.48","1.82","0.59","0.76","0.12","11367","3651","4718","750","1863","50.01","75.69","29.33","24.31","2.41","2.46","23.91","6.29","19736"
"57","🇨🇴","#spartan (340K)","#SpartaN","155812","7.5","8.55","0.875","Elite Striker","B-Tier","5886","2966","2920","50.39","1.02","1.33","0.51","1.28","0.21","7830","2996","7544","1244","1312","44.23","72.33","49.07","27.67","1.84","2.40","41.07","6.06","18370"
"58","🇮🇱","tango (338K)","Eardun","262187","7.5","8.63","0.864","Elite Striker","B-Tier","5486","2764","2722","50.38","1.02","1.77","0.58","1.19","0.20","9702","3191","6502","1091","1180","42.69","75.25","40.13","24.75","2.35","2.75","33.52","5.96","19395"
"59","🇩🇪","illiiillllilli (223K)","SUINEGG","322703","7.5","9.69","0.774","Passive Goalkeeper","A-Tier","3733","1612","2121","43.18","0.76","1.25","0.51","2.28","0.19","4664","1892","8504","692","523","32.44","71.14","64.58","28.86","1.76","3.34","56.47","12.29","15060"
"60","🇭🇺","jauzz* (185K)","JauzZ*","291026","7.5","10.00","0.745","Elite Goalkeeper","B-Tier","3248","1787","1461","55.02","1.22","1.22","0.57","2.93","0.20","3952","1860","9524","644","648","36.26","68.00","70.67","32.00","1.79","3.95","62.10","14.79","15336"
"61","🇮🇱","krs (526K)","Krs","228516","7.4","7.24","1.027","All-Round Midfielder","B-Tier","12656","5932","6724","46.87","0.88","1.15","0.50","0.92","0.18","14600","6329","11682","2276","2208","37.22","69.76","44.45","30.24","1.65","1.90","35.82","5.13","32611"
"62","🇧🇷","#bzklets (473K)","ExTr3Me","192348","7.4","7.64","0.971","Opportunist Striker","B-Tier","9325","4389","4936","47.07","0.89","1.40","0.45","0.94","0.19","13085","4174","8776","1816","1753","39.94","75.82","40.14","24.18","1.85","2.15","33.71","4.83","26035"
"63","🇹🇳","goat/e (368K)","xGOAT","339217","7.4","8.10","0.909","Elite Striker","B-Tier","7124","4010","3114","56.29","1.29","1.70","0.57","0.79","0.18","12096","4034","5594","1291","1708","42.59","74.99","31.62","25.01","2.26","2.30","25.75","4.33","21724"
"64","🇸🇦","spicypizza (329K)","999xx","141224","7.4","8.86","0.838","Elite Striker","B-Tier","4805","2591","2214","53.92","1.17","2.00","0.53","1.16","0.16","9597","2535","5551","786","1297","50.06","79.10","36.65","20.90","2.52","2.99","31.39","7.06","17683"
"65","🇸🇦","r2d|prox (301K)","Pr0x","223368","7.4","9.47","0.783","Elite Striker","B-Tier","3889","2333","1556","59.99","1.50","2.31","0.65","1.20","0.19","8999","2532","4661","735","1266","54.26","78.04","34.12","21.96","2.97","3.32","28.79","6.34","16192"
"66","🇺🇦","nash (456K)","Slave","143140","7.3","7.63","0.951","Elite Striker","B-Tier","8605","4616","3989","53.64","1.16","1.34","0.56","0.78","0.11","11490","4821","6738","964","1776","38.47","70.44","36.97","29.56","1.90","2.01","29.23","6.99","23049"
"67","🇵🇱","gr|jacekdaniel (259K)","Sweat3","453597","7.3","10.00","0.729","Elite Striker","B-Tier","2987","1674","1313","56.04","1.27","2.07","0.74","2.60","0.29","6173","2223","7777","867","998","59.62","73.52","55.75","26.48","2.81","4.38","48.09","8.97","16173"
"68","🇯🇴","hamzilton (215K)","Nevoso","333755","7.3","9.46","0.768","Elite Goalkeeper","B-Tier","3640","2195","1445","60.30","1.52","0.85","0.44","1.98","0.14","3091","1616","7197","502","934","42.55","65.67","69.96","34.33","1.29","2.69","60.46","14.34","11904"
"69","🇨🇱","paredes[5] (503K)","SasukeUchiha","146992","7.2","7.09","1.012","Standard Playmaker","B-Tier","11162","5450","5712","48.83","0.95","0.99","0.43","1.01","0.18","11031","4825","11239","2059","1924","35.30","69.57","50.47","30.43","1.42","1.81","41.48","5.46","27095"
"70","🇭🇺","qweqwe (421K)","KisHP","27552","7.2","7.69","0.932","Elite Striker","B-Tier","7938","3873","4065","48.79","0.95","1.40","0.50","0.94","0.12","11080","4005","7431","922","1452","37.49","73.45","40.14","26.55","1.90","2.22","33.00","8.06","22516"
"71","🇹🇷","*~devastating~* (363K)","Devas123","323716","7.2","8.22","0.882","Elite Striker","B-Tier","6134","3091","3043","50.39","1.02","1.72","0.53","1.06","0.19","10547","3257","6477","1139","1229","39.76","76.41","38.05","23.59","2.25","2.59","31.94","5.69","20281"
"72","🇵🇱","diabollo (360K)","DiabolloACE","267097","7.2","8.38","0.860","Elite Striker","B-Tier","5374","2969","2405","55.25","1.23","2.14","0.71","0.86","0.19","11492","3809","4631","995","1292","43.52","75.11","28.72","24.89","2.85","2.82","23.23","4.65","19932"
"73","🇩🇿","btwr (314K)","Stigo77","460444","7.2","8.21","0.883","Elite Goalkeeper","B-Tier","6174","2891","3283","46.83","0.88","0.75","0.42","1.82","0.18","4646","2605","11252","1085","1023","35.39","64.07","70.78","35.93","1.17","2.40","60.81","10.37","18503"
"74","🇵🇱","dannys (303K)","Dan3006","147086","7.2","8.79","0.823","Elite Striker","B-Tier","4549","2596","1953","57.07","1.33","1.93","0.74","1.06","0.22","8781","3367","4809","995","1050","40.45","72.28","35.39","27.72","2.67","2.77","28.36","4.83","16957"
"75","🇪🇸","astur (272K)","Astur","255243","7.2","8.94","0.804","Elite Striker","B-Tier","4239","2174","2065","51.29","1.05","1.74","0.60","1.23","0.18","7355","2531","5216","744","1041","47.88","74.40","41.49","25.60","2.33","2.79","34.54","7.01","15102"
"76","🇸🇦","gs-pedro (238K)","synco","477519","7.2","9.79","0.741","Elite Striker","B-Tier","3181","1849","1332","58.13","1.39","1.99","0.65","1.38","0.16","6327","2074","4386","495","1016","54.95","75.31","40.94","24.69","2.64","3.21","34.30","8.86","12787"
"77","🇹🇷","kobra (215K)","kebab63","99883","7.2","9.35","0.775","Elite Goalkeeper","B-Tier","3755","2019","1736","53.77","1.16","0.75","0.43","2.14","0.15","2805","1613","8024","554","872","43.19","63.49","74.10","36.51","1.18","2.74","64.49","14.48","12442"
"78","🇹🇷","sentez (203K)","htzn","234824","7.2","9.52","0.755","Elite Goalkeeper","B-Tier","3422","1827","1595","53.39","1.15","0.98","0.46","2.03","0.16","3337","1588","6960","532","799","43.73","67.76","67.59","32.24","1.44","2.85","58.56","13.08","11885"
"79","🇺🇦","coldhands (435K)","focus812","396648","7.1","7.55","0.942","Elite Striker","B-Tier","8284","4285","3999","51.73","1.07","1.46","0.54","0.67","0.14","12125","4434","5563","1130","1722","40.19","73.22","31.45","26.78","2.00","2.00","25.15","4.92","22122"
"80","🇮🇱","#liran (424K)","Liran59","42079","7.1","7.82","0.909","Opportunist Striker","B-Tier","7096","3358","3738","47.32","0.90","1.86","0.54","0.87","0.19","13168","3853","6204","1329","1404","41.81","77.36","32.03","22.64","2.40","2.54","26.71","4.67","23225"
"81","🇱🇻","exo (419K)","1Ivanov1","442582","7.1","7.38","0.964","All-Round Midfielder","B-Tier","9079","4117","4962","45.35","0.83","0.85","0.48","1.40","0.23","7737","4321","12751","2102","1230","29.88","64.16","62.24","35.84","1.33","2.03","51.40","6.07","24809"
"82","🇪🇬","badboy7 (377K)","BaDBoY693269326932","383289","7.1","7.68","0.925","Standard Playmaker","B-Tier","7668","3870","3798","50.47","1.02","0.96","0.46","1.26","0.15","7325","3526","9647","1153","1434","37.05","67.51","56.84","32.49","1.42","2.06","47.06","8.37","20498"
"83","🇲🇾","fr3d0m (263K)","AberrantDumptruck66","424536","7.1","8.97","0.795","Elite Striker","B-Tier","4089","2179","1910","53.29","1.14","1.80","0.60","1.22","0.26","7352","2473","4991","1075","1012","46.44","74.83","40.44","25.17","2.40","2.76","33.69","4.64","14816"
"84","🇹🇷","[k.r.a.l.]<3baris<3 (498K)","baris12","75587","7.0","6.95","1.008","All-Round Midfielder","B-Tier","10765","4942","5823","45.91","0.85","1.13","0.44","0.88","0.13","12136","4769","9439","1389","1772","35.86","71.79","43.75","28.21","1.57","1.88","35.83","6.80","26344"
"85","🇲🇦","#silver (451K)","Silver55","461322","7.0","7.29","0.962","All-Round Midfielder","B-Tier","9008","4895","4113","54.34","1.19","1.15","0.51","0.89","0.11","10372","4575","8031","1030","1534","31.34","69.39","43.64","30.61","1.66","1.93","34.95","7.80","22978"
"86","🇹🇳","fycwassym (360K)","Wassymx","193587","7.0","7.74","0.901","Opportunist Striker","B-Tier","6818","3095","3723","45.39","0.83","1.46","0.56","0.97","0.21","9934","3789","6616","1405","1134","36.64","72.39","39.98","27.61","2.01","2.22","32.53","4.71","20339"
"87","🇪🇬","afk (331K)","MusTafaax","470121","7.0","8.01","0.878","Elite Striker","B-Tier","5998","3028","2970","50.48","1.02","1.34","0.53","1.14","0.20","8066","3158","6823","1191","1053","34.78","71.86","45.83","28.14","1.87","2.28","37.81","5.73","18047"
"88","🇩🇿","mezzekyxz (295K)","Mezzeky","50127","7.0","8.95","0.779","Elite Striker","B-Tier","3810","2468","1342","64.78","1.84","2.25","0.70","0.70","0.15","8558","2663","2655","588","1447","58.63","76.27","23.68","23.73","2.95","2.79","19.13","4.52","13876"
"89","🇵🇱","-dronixx (279K)","dronixx","340080","7.0","8.20","0.851","Elite Striker","B-Tier","5030","2727","2303","54.21","1.18","1.36","0.55","1.01","0.14","6864","2773","5066","713","1124","41.22","71.23","42.46","28.77","1.92","2.23","34.46","7.11","14703"
"90","🇩🇪","plasticshin90 (276K)","Triguano","61848","7.0","8.21","0.854","Opportunist Striker","B-Tier","5156","2387","2769","46.30","0.86","1.26","0.59","1.33","0.24","6487","3049","6854","1229","855","35.82","68.03","51.38","31.97","1.85","2.35","41.82","5.58","16390"
"91","🇹🇷","racerx (243K)","RacerX","398540","7.0","10.00","0.703","Elite Striker","B-Tier","2547","1814","733","71.22","2.47","2.60","0.61","1.87","0.15","6612","1555","4772","377","1125","62.02","80.96","41.92","19.04","3.21","4.32","36.88","12.66","12939"
"92","🇹🇷","lulutsz (296K)","Lulutsz","445080","6.9","8.04","0.861","Elite Striker","B-Tier","5390","3019","2371","56.01","1.27","1.34","0.57","0.96","0.14","7227","3072","5184","759","1120","37.10","70.17","41.77","29.83","1.91","2.16","33.48","6.83","15483"
"93","🇹🇷","-gs-sady (241K)","DoeR","341240","6.9","8.96","0.771","Elite Striker","B-Tier","3681","2156","1525","58.57","1.41","1.73","0.61","1.04","0.16","6353","2259","3843","580","1061","49.21","73.77","37.69","26.23","2.34","2.61","30.86","6.63","12455"
"94","🇪🇬","[au]bedo (213K)","bedo","188457","6.9","8.94","0.776","All-Round Midfielder","B-Tier","3770","1954","1816","51.83","1.08","1.17","0.48","1.80","0.18","4397","1822","6801","673","628","32.14","70.70","60.73","29.30","1.65","2.79","52.24","10.11","13020"
"95","🇲🇹","fychoomie (212K)","Homyatol","11964","6.9","8.40","0.825","Elite Goalkeeper","B-Tier","4591","2121","2470","46.20","0.86","0.66","0.39","2.09","0.15","3032","1791","9605","702","673","31.73","62.87","76.01","37.13","1.05","2.60","66.57","13.68","14428"
"96","🇸🇻","[hvs]awebito (499K)","MatrixC19","388815","6.8","6.79","1.008","Elite Striker","B-Tier","10812","5637","5175","52.14","1.09","1.23","0.45","0.59","0.12","13270","4846","6421","1257","1952","34.63","73.25","32.61","26.75","1.68","1.70","26.17","5.11","24537"
"97","🇹🇷","laz (239K)","Mlkye","240334","6.8","8.12","0.837","Elite Goalkeeper","B-Tier","4786","2361","2425","49.33","0.97","0.79","0.39","1.73","0.15","3763","1880","8279","728","820","34.73","66.68","68.75","33.32","1.18","2.36","59.47","11.37","13922"
"98","🇸🇦","17fa (224K)","DeeeeMoooo","304654","6.8","9.05","0.754","Elite Striker","B-Tier","3398","1869","1529","55.00","1.22","1.72","0.71","1.19","0.23","5828","2399","4030","784","826","44.19","70.84","40.88","29.16","2.42","2.67","32.88","5.14","12257"
"99","🇭🇺","panthy (218K)","Kolbasz","15478","6.8","9.22","0.738","Elite Striker","B-Tier","3129","1620","1509","51.77","1.07","2.04","0.57","1.38","0.21","6369","1783","4318","647","796","49.14","78.13","40.40","21.87","2.61","3.21","34.63","6.67","12470"
"100","🇭🇺","h+rx (196K)","RolcsiOSZTCS","260134","6.8","9.48","0.717","Elite Striker","B-Tier","2782","1524","1258","54.78","1.21","1.88","0.62","1.46","0.15","5227","1720","4072","419","695","45.60","75.24","43.79","24.76","2.50","3.19","36.95","9.72","11019"
"101","🇰🇿","fayakae (192K)","sinxyeti1488","416304","6.8","8.93","0.766","Elite Goalkeeper","B-Tier","3599","1919","1680","53.32","1.14","0.56","0.37","2.18","0.20","2001","1344","7855","717","745","38.82","59.82","79.70","40.18","0.93","2.54","70.13","10.96","11200"
"102","🇪🇬","tenz (515K)","xiiNeron","438149","6.7","6.64","1.015","All-Round Midfielder","B-Tier","11523","5276","6247","45.79","0.84","1.18","0.51","0.73","0.18","13600","5859","8377","2127","1607","30.46","69.89","38.12","30.11","1.69","1.72","30.09","3.94","27836"
"103","🇪🇬","mody2 (335K)","mody81","467999","6.7","7.40","0.900","All-Round Midfielder","B-Tier","6770","3190","3580","47.12","0.89","1.14","0.55","1.08","0.18","7734","3700","7333","1229","1005","31.50","67.64","48.67","32.36","1.69","2.04","39.07","5.97","18767"
"104","🇮🇱","tancho (251K)","Tancho","469616","6.7","7.98","0.836","All-Round Midfielder","B-Tier","4768","2090","2678","43.83","0.78","1.12","0.52","1.41","0.16","5337","2482","6732","754","754","36.08","68.26","55.78","31.74","1.64","2.37","46.26","8.93","14551"
"105","🇪🇬","zlzo (432K)","Meshooo","431709","6.6","6.79","0.971","All-Round Midfielder","B-Tier","9329","4869","4460","52.19","1.09","1.06","0.53","0.73","0.10","9851","4973","6798","936","1508","30.97","66.45","40.83","33.55","1.59","1.68","31.44","7.26","21622"
"106","🇺🇦","fortran (302K)","Fortran","158217","6.6","7.43","0.890","Elite Goalkeeper","B-Tier","6427","3315","3112","51.58","1.07","0.60","0.33","1.56","0.14","3844","2144","10035","931","1039","31.34","64.20","72.30","35.80","0.93","2.01","62.63","10.78","16023"
"107","🇵🇸","st4n.exe (271K)","saderot","230328","6.6","7.63","0.864","Inconsistent Midfielder","B-Tier","5501","2353","3148","42.77","0.75","1.20","0.53","1.19","0.22","6588","2943","6557","1187","840","35.70","69.12","49.88","30.88","1.73","2.17","40.76","5.52","16088"
"108","🇵🇪","el_1 (203K)","MAON","208817","6.6","8.67","0.756","Elite Striker","B-Tier","3440","1687","1753","49.04","0.96","1.54","0.55","1.30","0.24","5297","1898","4470","839","671","39.77","73.62","45.77","26.38","2.09","2.60","38.32","5.33","11665"
"109","🇲🇦","#~zl'kaws' (155K)","AbdoxJee","468690","6.6","9.82","0.674","Elite Striker","B-Tier","2327","1156","1171","49.68","0.99","1.85","0.49","1.72","0.21","4314","1150","3996","479","614","53.11","78.95","48.09","21.05","2.35","3.37","42.24","8.34","9460"
"110","🇭🇺","zf'davider (245K)","Davider","85470","6.5","8.97","0.727","Elite Striker","B-Tier","2950","1830","1120","62.03","1.63","2.57","0.69","0.89","0.13","7573","2035","2635","388","975","53.28","78.82","25.81","21.18","3.26","3.33","21.52","6.79","12243"
"111","🇦🇷","ramirox98[?] (234K)","Ramirox98","146007","6.5","9.31","0.700","Elite Striker","B-Tier","2504","1552","952","61.98","1.63","2.95","0.59","1.12","0.25","7379","1471","2812","625","867","55.86","83.38","27.59","16.62","3.53","3.82","24.11","4.50","11662"
"112","🇲🇦","arami (229K)","Morad77","447474","6.5","8.29","0.787","Elite Striker","B-Tier","3956","2031","1925","51.34","1.06","1.59","0.59","1.03","0.20","6273","2329","4072","773","800","39.39","72.92","39.36","27.08","2.17","2.42","32.13","5.27","12674"
"113","🇧🇷","bzk'kobao (190K)","Swzaky","434302","6.5","8.67","0.754","Standard Playmaker","B-Tier","3395","1818","1577","53.55","1.15","1.10","0.50","1.54","0.17","3736","1682","5239","583","711","39.11","68.96","58.37","31.04","1.60","2.47","49.16","8.99","10657"
"114","🇹🇷","tonymontana (186K)","abdullahbaba22","348169","6.5","8.94","0.730","Opportunist Striker","B-Tier","3001","1402","1599","46.72","0.88","1.78","0.57","1.47","0.29","5338","1709","4399","862","571","40.73","75.75","45.18","24.25","2.35","2.96","38.43","5.10","11446"
"115","🇭🇺","abyss. (177K)","Dipper011","194117","6.5","9.06","0.723","Elite Striker","B-Tier","2878","1504","1374","52.26","1.09","1.49","0.58","1.38","0.15","4280","1669","3984","433","628","41.76","71.94","48.21","28.06","2.07","2.72","40.11","9.20","9933"
"116","🇪🇪","ovinus (162K)","Kingvillem","39621","6.5","8.96","0.731","Elite Goalkeeper","B-Tier","3014","1432","1582","47.51","0.91","0.80","0.44","2.06","0.21","2403","1336","6212","618","583","40.71","64.27","72.11","35.73","1.24","2.65","62.43","10.05","9951"
"117","🇷🇸","jovic (386K)","15vidic15","396030","6.4","6.78","0.947","All-Round Midfielder","B-Tier","8461","4141","4320","48.94","0.96","1.18","0.53","0.76","0.14","10016","4480","6405","1170","1164","28.11","69.09","39.00","30.91","1.71","1.80","30.64","5.47","20901"
"118","🇦🇷","[hvs]miaw (384K)","Elemao","358036","6.4","6.66","0.963","All-Round Midfielder","B-Tier","9052","4451","4601","49.17","0.97","1.02","0.47","0.82","0.22","9226","4298","7396","1947","1324","29.75","68.22","44.50","31.78","1.49","1.62","35.35","3.80","20920"
"119","🇪🇬","ept.toniii (278K)","hintaishere","449791","6.4","7.29","0.883","Elite Goalkeeper","B-Tier","6183","2869","3314","46.40","0.87","0.60","0.35","1.65","0.16","3691","2167","10179","1011","808","28.16","63.01","73.39","36.99","0.95","2.08","63.47","10.07","16037"
"120","🇮🇹","pippo//c (261K)","PippoFranco","267123","6.4","9.08","0.707","Elite Striker","B-Tier","2613","1673","940","64.03","1.78","3.60","0.66","0.86","0.16","9404","1715","2251","412","1008","60.25","84.58","19.31","15.42","4.26","4.30","16.84","5.46","13370"
"121","🇪🇬","#dstor*?! (223K)","DSTOR55","402957","6.4","7.98","0.798","Opportunist Striker","B-Tier","4138","1952","2186","47.17","0.89","1.30","0.44","1.21","0.15","5375","1829","4990","604","770","39.45","74.61","48.14","25.39","1.74","2.36","40.92","8.26","12194"
"122","🇵🇱","gleamingveteran96 (227K)","Ptyss","321996","6.3","8.24","0.767","Elite Striker","B-Tier","3612","2035","1577","56.34","1.29","1.79","0.54","0.91","0.14","6473","1954","3295","520","838","41.18","76.81","33.73","23.19","2.33","2.56","28.11","6.34","11722"
"123","🇪🇪","erx (222K)","ERX","311345","6.3","7.78","0.809","Opportunist Striker","B-Tier","4313","2049","2264","47.51","0.91","1.27","0.57","1.11","0.19","5481","2469","4768","811","710","34.65","68.94","46.52","31.06","1.84","2.19","37.49","5.88","12718"
"124","🇹🇷","#hook (194K)","killmanwow","62079","6.3","8.64","0.726","Elite Striker","B-Tier","2926","1628","1298","55.64","1.25","1.92","0.59","0.99","0.14","5628","1719","2911","410","775","47.60","76.60","34.09","23.40","2.51","2.78","28.38","7.10","10258"
"125","🇹🇷","underalatinmoon (172K)","Tigar","206315","6.3","8.62","0.726","Elite Striker","B-Tier","2931","1605","1326","54.76","1.21","1.29","0.50","1.34","0.14","3783","1463","3915","407","642","40.00","72.11","50.86","27.89","1.79","2.49","42.74","9.62","9161"
"126","🇧🇪","[fyc]tearexx (878K)","TeaRexx1","52344","6.2","5.37","1.148","Inconsistent Midfielder","B-Tier","24798","10039","14759","40.48","0.68","0.88","0.43","0.54","0.13","21823","10631","13471","3147","2534","25.24","67.24","38.17","32.76","1.31","1.30","29.33","4.28","45925"
"127","🇪🇬","mesh-ana (270K)","Killermikez","317448","6.2","7.20","0.866","All-Round Midfielder","B-Tier","5566","2848","2718","51.17","1.05","1.12","0.53","0.96","0.17","6245","2969","5356","974","821","28.83","67.78","46.17","32.22","1.66","1.91","36.76","5.50","14570"
"128","🇹🇷","nosyhedgehog99 (218K)","metax22","189908","6.2","7.84","0.798","Elite Striker","B-Tier","4137","2133","2004","51.56","1.06","1.20","0.47","1.09","0.15","4985","1961","4499","609","831","38.96","71.77","47.44","28.23","1.68","2.15","39.31","7.39","11445"
"129","🇷🇺","#blazee (202K)","Edem","158000","6.2","8.13","0.768","Elite Striker","B-Tier","3641","1960","1681","53.83","1.17","1.50","0.51","0.85","0.16","5476","1867","3081","590","877","44.74","74.57","36.01","25.43","2.02","2.19","29.56","5.22","10424"
"130","🇭🇺","t3somz!"" (196K)","imci9696","26848","6.2","8.11","0.761","Elite Striker","B-Tier","3515","1792","1723","50.98","1.04","1.32","0.53","1.21","0.16","4639","1851","4239","578","614","34.26","71.48","47.75","28.52","1.85","2.36","39.51","7.33","10729"
"131","🇷🇸","somi (187K)","Kameni66","299412","6.2","8.35","0.739","Elite Striker","B-Tier","3155","1768","1387","56.04","1.27","1.58","0.57","1.01","0.13","4971","1796","3196","415","655","37.05","73.46","39.13","26.54","2.14","2.46","32.08","7.70","9963"
"132","🇪🇬","knafa (162K)","eslamahlawy","295695","6.2","9.30","0.672","Elite Striker","B-Tier","2311","1212","1099","52.44","1.10","2.05","0.71","1.25","0.26","4733","1639","2884","600","636","52.48","74.28","37.86","25.72","2.76","3.04","31.16","4.81","9256"
"133","🇭🇺","sf|bryce (79K)","Bryce","173484","6.2","10.00","0.624","Elite Goalkeeper","B-Tier","1994","919","1075","46.09","0.85","0.93","0.49","2.94","0.22","1849","978","5860","443","249","27.09","65.41","76.02","34.59","1.42","3.64","67.46","13.23","8687"
"134","🇷🇸","us^somi (157K)","Somi3","294063","6.1","9.43","0.646","Elite Striker","B-Tier","2143","1403","740","65.47","1.90","1.75","0.69","1.21","0.14","3747","1483","2587","292","592","42.20","71.64","40.84","28.36","2.44","2.82","33.09","8.86","7817"
"135","🇹🇷","fycraus (290K)","Raus","213507","6.0","6.78","0.886","All-Round Midfielder","B-Tier","6269","3128","3141","49.90","1.00","1.13","0.46","0.73","0.12","7098","2877","4567","743","1040","33.25","71.16","39.15","28.84","1.59","1.74","31.41","6.15","14542"
"136","🇸🇰","mexx' (225K)","MeXX","59443","6.0","8.06","0.751","Elite Striker","B-Tier","3344","1795","1549","53.68","1.16","2.08","0.64","0.71","0.13","6965","2148","2383","420","846","47.13","76.43","25.49","23.57","2.73","2.67","20.73","5.67","11496"
"137","🇺🇸","#d/\\/!d (223K)","G59Playa","82914","6.0","7.55","0.797","All-Round Midfielder","B-Tier","4123","2189","1934","53.09","1.13","1.17","0.48","1.05","0.18","4811","1996","4331","754","703","32.12","70.68","47.37","29.32","1.65","2.03","38.88","5.74","11138"
"138","🇴🇲","randomdude67 (203K)","Ace.","182242","6.0","7.68","0.775","Opportunist Striker","C-Tier","3743","1932","1811","51.62","1.07","1.39","0.50","0.97","0.18","5196","1861","3616","680","629","32.56","73.63","41.03","26.37","1.89","2.17","33.88","5.32","10673"
"139","🇭🇺","supmax (191K)","berryy79","322976","6.0","8.39","0.719","Opportunist Striker","B-Tier","2824","1346","1478","47.66","0.91","2.29","0.62","1.05","0.27","6463","1751","2973","769","623","46.29","78.68","31.51","21.32","2.91","3.07","26.58","3.87","11187"
"140","🇪🇬","ftda7med (187K)","AhmedAli785","453548","6.0","7.68","0.784","Elite Goalkeeper","B-Tier","3895","1930","1965","49.55","0.98","0.67","0.43","1.62","0.13","2625","1672","6327","514","588","30.47","61.09","70.68","38.91","1.10","2.17","59.55","12.31","10624"
"141","🇭🇺","fycrainy (176K)","fycrainy","331487","6.0","8.10","0.745","Elite Striker","B-Tier","3248","1704","1544","52.46","1.10","1.36","0.50","1.06","0.13","4431","1635","3434","416","677","39.73","73.05","43.66","26.95","1.87","2.29","36.15","8.25","9500"
"142","🇪🇬","[b~b]a7md[hq] (164K)","khayry","142851","6.0","8.94","0.674","Elite Striker","B-Tier","2329","1247","1082","53.54","1.15","1.97","0.56","1.21","0.23","4589","1310","2814","537","602","48.28","77.79","38.01","22.21","2.53","2.95","32.30","5.24","8713"
"143","🇩🇪","ca-22ratt (139K)","Rattles","235593","6.0","10.00","0.598","Elite Striker","C-Tier","1822","923","899","50.66","1.03","1.76","0.59","2.58","0.19","3208","1075","4709","340","426","46.15","74.90","59.48","25.10","2.35","4.16","52.37","13.85","8992"
"144","🇷🇺","archibald (118K)","NumLOCK337","354276","6.0","10.00","0.605","Passive Goalkeeper","B-Tier","1867","760","1107","40.71","0.69","1.46","0.50","2.48","0.43","2717","941","4632","801","314","41.32","74.28","63.03","25.72","1.96","3.51","55.87","5.78","8290"
"145","🇪🇬","hendy2020.exe (117K)","Hendy2000","287832","6.0","9.19","0.648","Passive Goalkeeper","C-Tier","2151","913","1238","42.45","0.74","0.84","0.48","2.50","0.22","1799","1036","5379","471","217","23.77","63.46","74.94","36.54","1.32","3.12","65.49","11.42","8214"
"146","🇪🇬","ftdc4ru (205K)","Caruoky","296393","5.9","7.33","0.805","Ball-Chasing Striker","C-Tier","4251","1792","2459","42.15","0.73","1.30","0.52","1.04","0.22","5517","2207","4436","953","575","32.09","71.43","44.57","28.57","1.82","2.12","36.48","4.65","12160"
"147","🇨🇴","soulhair (164K)","soulhair","392566","5.9","7.99","0.743","Opportunist Striker","C-Tier","3217","1490","1727","46.32","0.86","1.40","0.63","1.11","0.30","4496","2012","3581","950","511","34.30","69.08","44.34","30.92","2.02","2.22","35.49","3.77","10089"
"148","🇵🇱","fabianski (158K)","TyToJa","141978","5.9","8.20","0.718","Opportunist Striker","C-Tier","2804","1307","1497","46.61","0.87","1.49","0.65","1.10","0.19","4180","1811","3080","521","473","36.19","69.77","42.42","30.23","2.14","2.40","33.95","5.91","9071"
"149","🇪🇬","zamora' (157K)","ZamORa","205766","5.9","8.01","0.737","All-Round Midfielder","C-Tier","3118","1384","1734","44.39","0.80","1.13","0.60","1.37","0.20","3527","1862","4279","610","482","34.83","65.45","54.82","34.55","1.73","2.31","44.26","7.01","9668"
"150","🇦🇿","fyccalm (153K)","CalmN","77917","5.9","8.06","0.736","Elite Goalkeeper","C-Tier","3100","1460","1640","47.10","0.89","0.72","0.37","1.82","0.17","2238","1155","5649","521","498","34.11","65.96","71.62","34.04","1.09","2.38","62.48","10.84","9042"
"151","🇵🇪","[hvs]onlyhansu (209K)","Dylanbadtowing","300994","5.8","6.99","0.835","All-Round Midfielder","C-Tier","4757","2198","2559","46.21","0.86","0.85","0.46","1.20","0.17","4033","2166","5718","828","649","29.53","65.06","58.64","34.94","1.30","1.88","47.98","6.91","11917"
"152","🇹🇷","kyuuseishu (201K)","MsTr12","297028","5.8","7.22","0.799","Opportunist Striker","C-Tier","4154","1877","2277","45.19","0.82","1.27","0.59","0.85","0.19","5271","2460","3534","777","647","34.47","68.18","40.14","31.82","1.86","1.93","31.37","4.55","11265"
"153","🇹🇷","cesar (191K)","ardasss","374525","5.8","7.21","0.800","All-Round Midfielder","C-Tier","4165","1940","2225","46.58","0.87","0.93","0.43","1.19","0.17","3863","1796","4958","694","659","33.97","68.26","56.21","31.74","1.36","1.95","46.70","7.14","10617"
"154","🇹🇷","persie (189K)","hide","44603","5.8","7.63","0.754","Opportunist Striker","C-Tier","3392","1625","1767","47.91","0.92","1.53","0.52","0.76","0.24","5174","1758","2576","800","680","41.85","74.64","33.24","25.36","2.04","2.05","27.09","3.22","9508"
"155","🇵🇹","fycameix (182K)","Ameix","198243","5.8","7.79","0.750","Elite Striker","C-Tier","3340","1749","1591","52.37","1.10","1.48","0.50","0.82","0.16","4942","1663","2745","521","684","39.11","74.82","35.71","25.18","1.98","2.15","29.36","5.27","9350"
"156","🇩🇴","zac~ (179K)","Hugito","159142","5.8","7.51","0.765","All-Round Midfielder","C-Tier","3582","1641","1941","45.81","0.85","1.18","0.46","1.15","0.21","4223","1633","4129","769","570","34.73","72.11","49.44","27.89","1.63","2.12","41.35","5.37","9985"
"157","🇵🇱","chemicalpupple (117K)","CoLiMi","3225","5.8","10.00","0.582","Elite Striker","C-Tier","1713","829","884","48.39","0.94","1.48","0.50","2.27","0.22","2539","862","3886","373","337","40.65","74.65","60.48","25.35","1.99","3.53","53.33","10.42","7287"
"158","🇮🇪","dylaaaan (108K)","mimimomoka","228628","5.8","9.68","0.597","Elite Goalkeeper","C-Tier","1815","877","938","48.32","0.93","0.88","0.42","2.48","0.19","1590","763","4507","346","301","34.32","67.57","73.92","32.43","1.30","3.17","65.70","13.03","6860"
"159","🇬🇧","skywhywalker (249K)","skywhywalker","443271","5.7","6.48","0.872","All-Round Midfielder","C-Tier","5793","2636","3157","45.50","0.83","0.97","0.48","0.85","0.13","5619","2796","4925","752","765","29.02","66.77","46.71","33.23","1.45","1.69","36.92","6.55","13340"
"160","🇭🇺","welbz (197K)","WelbZ","307303","5.7","7.40","0.768","Opportunist Striker","C-Tier","3637","2010","1627","55.27","1.24","1.52","0.61","0.63","0.15","5523","2214","2304","532","593","29.50","71.38","29.44","28.62","2.13","2.01","22.95","4.33","10041"
"161","🇺🇦","mrunfiny (190K)","Snip123","201440","5.7","7.55","0.754","Elite Striker","C-Tier","3403","1814","1589","53.31","1.14","1.64","0.52","0.61","0.14","5565","1759","2062","470","758","41.79","75.98","27.04","24.02","2.15","2.10","21.97","4.39","9386"
"162","🇵🇱","ginob (153K)","KamilBP","123721","5.7","8.32","0.684","Elite Striker","C-Tier","2392","1334","1058","55.77","1.26","1.72","0.57","0.85","0.13","4124","1363","2045","317","614","46.03","75.16","33.15","24.84","2.29","2.45","27.15","6.45","7532"
"163","🇪🇬","salah (178K)","ChrisJ18","463184","5.6","7.22","0.772","All-Round Midfielder","C-Tier","3701","1623","2078","43.85","0.78","1.06","0.51","1.20","0.19","3930","1888","4429","694","458","28.22","67.55","52.98","32.45","1.57","2.07","43.22","6.38","10247"
"164","🇪🇬","joe (280K)","HoSan","297875","5.6","6.14","0.906","Inconsistent Midfielder","C-Tier","7012","2812","4200","40.10","0.67","1.03","0.52","0.76","0.22","7209","3620","5297","1567","756","26.88","66.57","42.36","33.43","1.54","1.56","32.85","3.38","16126"
"165","🇹🇷","sirius (248K)","tolqatuzun","432758","5.6","6.39","0.879","All-Round Midfielder","C-Tier","6028","2914","3114","48.34","0.94","0.79","0.45","0.96","0.14","4780","2727","5790","854","737","25.29","63.67","54.78","36.33","1.25","1.61","43.54","6.78","13297"
"166","🇪🇬","70da? (91K)","70da","118368","5.6","7.87","0.707","Elite Striker","C-Tier","2615","1526","1089","58.36","1.40","1.91","0.67","0.48","0.22","4990","1758","1257","565","709","46.46","73.95","20.12","26.05","2.58","2.17","15.70","2.22","8005"
"167","🇵🇱","cdm-allik (149K)","Pyrson","164308","5.5","9.23","0.600","Elite Striker","C-Tier","1830","1140","690","62.30","1.65","2.50","0.76","1.04","0.16","4574","1385","1898","292","563","49.39","76.76","29.33","23.24","3.26","3.38","24.16","6.50","7857"
"168","🇦🇷","longinggums87 (131K)","smokeweedeveryday","100121","5.5","8.20","0.665","Elite Striker","C-Tier","2267","1267","1000","55.89","1.27","1.46","0.57","0.96","0.23","3303","1303","2169","531","474","37.41","71.71","39.64","28.29","2.03","2.18","32.01","4.08","6775"
"169","🇩🇪","ademdo (201K)","Ademdo","24384","5.4","7.02","0.771","Elite Striker","C-Tier","3685","2042","1643","55.41","1.24","1.57","0.51","0.39","0.16","5777","1883","1454","596","721","35.31","75.42","20.11","24.58","2.08","1.80","15.95","2.44","9114"
"170","🇪🇬","bebo0o (199K)","dostor","472498","5.4","6.52","0.829","All-Round Midfielder","C-Tier","4648","2186","2462","47.03","0.89","0.70","0.41","1.19","0.12","3271","1897","5531","548","511","23.38","63.29","62.84","36.71","1.11","1.78","51.70","10.09","10699"
"171","🇵🇱","gr|wujekmaczuga (175K)","BGC","463427","5.4","7.64","0.711","Elite Striker","C-Tier","2691","1491","1200","55.41","1.24","2.16","0.54","0.73","0.17","5804","1450","1959","457","534","35.81","80.01","25.24","19.99","2.70","2.71","21.26","4.29","9213"
"172","🇮🇱","face (171K)","faceboo","216233","5.4","7.26","0.742","Opportunist Striker","C-Tier","3198","1485","1713","46.44","0.87","1.59","0.56","0.68","0.21","5083","1780","2189","681","529","35.62","74.06","30.10","25.94","2.15","2.06","24.18","3.21","9052"
"173","🇪🇬","juicyj (170K)","JuicyJ808","341224","5.4","7.08","0.762","All-Round Midfielder","C-Tier","3537","1654","1883","46.76","0.88","1.06","0.50","1.07","0.13","3752","1782","3798","458","465","28.11","67.80","50.30","32.20","1.56","2.01","40.70","8.29","9332"
"174","🇵🇪","[hvs]vharu (151K)","Vharu","304747","5.4","7.66","0.703","Elite Striker","C-Tier","2556","1237","1319","48.40","0.94","1.92","0.59","0.76","0.28","4910","1500","1949","716","502","40.58","76.60","28.42","23.40","2.51","2.40","23.32","2.72","8359"
"175","🇩🇪","zorard (112K)","Zorard","149769","5.4","10.00","0.542","Elite Striker","C-Tier","1444","741","703","51.32","1.05","1.95","0.60","1.83","0.21","2816","860","2642","300","386","52.09","76.61","48.41","23.39","2.55","3.57","41.82","8.81","6318"
"176","🇹🇷","#muggi (167K)","MugiGG","303670","5.3","7.03","0.752","Opportunist Striker","C-Tier","3375","1501","1874","44.47","0.80","1.53","0.54","0.69","0.21","5156","1811","2336","704","470","31.31","74.01","31.18","25.99","2.06","2.01","25.11","3.32","9303"
"177","🇪🇬","friendlymurderer49 (155K)","hemashehda","249555","5.3","7.16","0.739","Opportunist Striker","C-Tier","3156","1490","1666","47.21","0.89","1.41","0.66","0.70","0.26","4446","2069","2220","812","447","30.00","68.24","33.30","31.76","2.06","1.85","25.41","2.73","8735"
"178","🇪🇬","hawk! (144K)","S7waj","381050","5.3","7.36","0.725","Ball-Chasing Striker","C-Tier","2918","1213","1705","41.57","0.71","1.37","0.54","1.04","0.23","3985","1574","3044","661","364","30.01","71.69","43.31","28.31","1.91","2.18","35.38","4.61","8603"
"179","🇪🇸","xrzjake (135K)","Jake^","108927","5.3","8.27","0.642","Elite Striker","C-Tier","2114","1140","974","53.93","1.17","1.92","0.57","0.93","0.17","4054","1199","1963","365","494","43.33","77.17","32.62","22.83","2.48","2.67","27.20","5.38","7216"
"180","🇻🇪","romanticlove (119K)","Andresm10","444299","5.3","7.52","0.701","All-Round Midfielder","C-Tier","2519","1147","1372","45.53","0.84","0.99","0.46","1.35","0.19","2486","1163","3402","483","364","31.73","68.13","57.78","31.87","1.45","2.15","48.25","7.04","7051"
"181","🇹🇳","educatedpigeon31 (102K)","fanatic03","296176","5.3","8.83","0.598","Opportunist Striker","C-Tier","1821","807","1014","44.32","0.80","1.37","0.73","1.55","0.30","2495","1330","2816","550","268","33.21","65.23","53.02","34.77","2.10","2.61","42.40","5.12","6641"
"182","🇩🇪","racismo (99K)","Code1281","389517","5.3","9.38","0.564","Standard Playmaker","C-Tier","1594","1032","562","64.74","1.84","1.08","0.59","1.66","0.12","1720","933","2646","191","386","37.40","64.83","60.60","35.17","1.66","2.62","49.93","13.85","5299"
"183","🇹🇷","[fyc]lexico/\/ (241K)","LexicoN","231904","5.2","5.96","0.881","All-Round Midfielder","C-Tier","6093","2633","3460","43.21","0.76","0.85","0.47","0.81","0.19","5187","2874","4929","1136","636","24.15","64.35","48.72","35.65","1.32","1.47","37.94","4.34","12990"
"184","🇧🇷","#mychatisoff (149K)","Henrique98","138881","5.2","8.26","0.629","Elite Striker","C-Tier","2026","1154","872","56.96","1.32","2.34","0.52","0.72","0.27","4731","1051","1463","538","627","54.33","81.82","23.62","18.18","2.85","2.79","20.19","2.72","7245"
"185","🇹🇷","jarvis (140K)","onekiller54","29503","5.2","7.00","0.740","All-Round Midfielder","C-Tier","3162","1370","1792","43.33","0.76","0.76","0.43","1.38","0.16","2414","1361","4364","504","382","27.88","63.95","64.38","36.05","1.19","1.98","53.62","8.66","8139"
"186","🇹🇷","lucky (134K)","kingmaster","219882","5.2","7.31","0.709","Opportunist Striker","C-Tier","2654","1204","1450","45.37","0.83","1.48","0.61","0.75","0.19","3930","1611","1985","515","400","33.22","70.93","33.56","29.07","2.09","2.03","26.38","3.85","7526"
"187","🇭🇺","nov3x (125K)","Nov3x","245146","5.2","10.00","0.516","Passive Goalkeeper","C-Tier","1270","556","714","43.78","0.78","1.67","0.69","5.12","0.32","2123","871","6499","411","175","31.47","70.91","75.38","29.09","2.36","6.47","68.46","15.81","9493"
"188","🇩🇪","nike""maryy (116K)","MaryY#","167320","5.2","7.63","0.680","All-Round Midfielder","C-Tier","2366","1023","1343","43.24","0.76","1.06","0.49","1.38","0.18","2515","1161","3254","430","326","31.87","68.42","56.40","31.58","1.55","2.26","46.96","7.57","6930"
"189","🇪🇬","hitlerr' (115K)","Th3Joker","84598","5.2","8.03","0.650","Opportunist Striker","C-Tier","2167","952","1215","43.93","0.78","1.56","0.62","0.92","0.25","3371","1349","1996","540","434","45.59","71.42","37.19","28.58","2.18","2.23","29.72","3.70","6716"
"190","🇧🇬","rd|kristyle (195K)","hellioob","112953","5.1","6.14","0.827","Inconsistent Midfielder","C-Tier","4610","1807","2803","39.20","0.64","1.19","0.43","0.65","0.16","5497","1992","3016","745","552","30.55","73.40","35.43","26.60","1.62","1.69","28.71","4.05","10505"
"191","🇪🇬","opacity (179K)","Opacity","288327","5.1","6.40","0.795","All-Round Midfielder","C-Tier","4088","1959","2129","47.92","0.92","1.13","0.46","0.68","0.12","4610","1864","2784","495","540","27.57","71.21","37.65","28.79","1.58","1.69","30.07","5.62","9258"
"192","🇪🇬","^gangsta (169K)","^Gangsta","174690","5.1","6.50","0.784","All-Round Midfielder","C-Tier","3901","1744","2157","44.71","0.81","1.06","0.51","0.84","0.15","4150","2005","3271","595","454","26.03","67.42","44.08","32.58","1.58","1.75","34.70","5.50","9426"
"193","🇦🇷","franco (138K)","FrancoPa","350206","5.1","7.02","0.725","Elite Striker","C-Tier","2925","1533","1392","52.41","1.10","1.35","0.53","0.50","0.23","3938","1542","1453","680","588","38.36","71.86","26.95","28.14","1.87","1.61","20.96","2.14","6933"
"194","🇭🇺","piskota (119K)","unbelievable","225227","5.1","9.39","0.547","Elite Striker","C-Tier","1483","921","562","62.10","1.64","2.45","0.65","1.14","0.13","3640","960","1692","196","488","52.99","79.13","31.73","20.87","3.10","3.46","26.89","8.63","6292"
"195","🇨🇿","mbappelin! (107K)","ScoobDoo","354513","5.1","9.47","0.542","Elite Striker","C-Tier","1446","736","710","50.90","1.04","2.34","0.70","1.50","0.27","3388","1009","2172","392","333","45.24","77.05","39.06","22.95","3.04","3.57","33.06","5.54","6569"
"196","🇫🇷","rtr (106K)","RTR","261383","5.1","8.91","0.570","Elite Striker","C-Tier","1635","859","776","52.54","1.11","1.72","0.67","1.34","0.20","2813","1096","2190","328","306","35.62","71.96","43.77","28.04","2.39","2.86","35.91","6.68","6099"
"197","🇻🇪","masa (105K)","Galleton","390976","5.1","7.63","0.665","All-Round Midfielder","C-Tier","2270","1191","1079","52.47","1.10","0.86","0.43","1.37","0.17","1947","969","3112","396","385","32.33","66.77","61.51","33.23","1.28","2.05","51.63","7.86","6028"
"198","🇪🇬","ngm. (85K)","NGm","416221","5.1","9.65","0.530","Elite Striker","C-Tier","1366","744","622","54.47","1.20","1.21","0.58","1.88","0.18","1655","787","2570","243","298","40.05","67.77","60.83","32.23","1.79","2.92","51.28","10.58","5012"
"199","🇱🇹","martis (148K)","martis1","32069","5.0","6.67","0.753","All-Round Midfielder","C-Tier","3377","1552","1825","45.96","0.85","0.84","0.42","1.10","0.13","2847","1431","3730","439","425","27.38","66.55","56.71","33.45","1.27","1.82","46.58","8.50","8008"
"200","🇷🇺","thief (145K)","Lalka3324","175945","5.0","6.76","0.742","Ball-Chasing Striker","C-Tier","3199","1327","1872","41.48","0.71","1.33","0.55","0.75","0.18","4251","1746","2403","583","399","30.07","70.89","36.11","29.11","1.87","1.90","28.61","4.12","8400"
"201","🇨🇴","lord|valdomero (123K)","camilomilo","203832","5.0","8.73","0.569","Elite Striker","C-Tier","1629","810","819","49.72","0.99","2.40","0.57","1.07","0.25","3914","936","1742","405","452","55.80","80.70","30.80","19.30","2.98","3.22","26.43","4.30","6592"
"202","🇵🇱","[dfe]sheriff_tomek (117K)","Tomaszjestzajebisty555","452247","5.0","8.81","0.567","Elite Striker","C-Tier","1616","1063","553","65.78","1.92","2.07","0.57","0.84","0.16","3341","921","1365","260","529","49.76","78.39","29.01","21.61","2.64","2.75","24.26","5.25","5627"
"203","🇧🇷","chitaozin (116K)","tiocheetos","426615","5.0","7.41","0.674","All-Round Midfielder","C-Tier","2324","1094","1230","47.07","0.89","1.08","0.50","1.16","0.21","2520","1168","2688","494","347","31.72","68.33","51.61","31.67","1.59","2.03","42.16","5.44","6376"
"204","🇵🇱","kawhi (93K)","lodzzdol123","318319","5.0","10.00","0.495","Elite Striker","C-Tier","1133","684","449","60.37","1.52","2.38","0.67","1.48","0.14","2701","756","1673","157","366","53.51","78.13","38.25","21.87","3.05","3.72","32.61","10.66","5130"
"205","🇪🇨","carlitos (152K)","Carlord","378214","4.9","6.39","0.766","All-Round Midfielder","C-Tier","3598","1649","1949","45.83","0.85","1.08","0.47","0.74","0.22","3902","1687","2656","786","463","28.08","69.82","40.50","30.18","1.55","1.60","32.21","3.38","8245"
"206","🇩🇿","mahdi_el (139K)","BiadMahdiJSMT","387259","4.9","6.59","0.745","Inconsistent Midfielder","C-Tier","3252","1310","1942","40.28","0.67","1.06","0.48","0.97","0.17","3446","1569","3142","540","370","28.24","68.71","47.69","31.29","1.54","1.86","38.52","5.82","8157"
"207","🇧🇷","bzk.hondanaldo (130K)","aquileshonda","430114","4.9","6.71","0.727","Inconsistent Midfielder","C-Tier","2942","1198","1744","40.72","0.69","1.07","0.49","1.00","0.26","3145","1450","2933","760","344","28.71","68.44","48.26","31.56","1.56","1.81","38.96","3.86","7528"
"208","🇷🇺","))elegy(( (129K)","sasha777","40947","4.9","8.03","0.606","Elite Striker","C-Tier","1875","1043","832","55.63","1.25","2.04","0.56","0.62","0.13","3823","1055","1167","246","541","51.87","78.37","23.39","21.63","2.60","2.53","19.31","4.74","6045"
"209","🇹🇷","[fyc]efespilsen (125K)","EfesPilseN","113742","4.9","6.78","0.726","Inconsistent Midfielder","C-Tier","2938","1263","1675","42.99","0.75","0.72","0.40","1.33","0.22","2120","1171","3916","634","347","27.47","64.42","64.88","35.58","1.12","1.84","54.34","6.18","7207"
"210","🇹🇷","cyruzu (115K)","hberk","308067","4.9","7.07","0.691","Ball-Chasing Striker","C-Tier","2441","1038","1403","42.52","0.74","1.27","0.59","0.93","0.24","3099","1429","2268","576","300","28.90","68.44","42.26","31.56","1.85","1.96","33.37","3.94","6796"
"211","🇵🇹","md|joaowsky! (111K)","*Joaovski^","124336","4.9","7.83","0.622","Elite Striker","C-Tier","1980","1068","912","53.94","1.17","1.29","0.51","0.97","0.16","2560","1009","1920","324","399","37.36","71.73","42.86","28.27","1.80","2.10","34.98","5.93","5489"
"212","🇪🇬","enchantingdunebuggy59 (108K)","Semo1678","304463","4.9","8.11","0.605","Elite Striker","C-Tier","1864","909","955","48.77","0.95","1.80","0.52","0.83","0.21","3353","965","1553","390","476","52.37","77.65","31.66","22.35","2.32","2.42","26.45","3.98","5871"
"213","🇭🇺","mehus (100K)","Jezus100","253144","4.9","10.00","0.487","Elite Striker","C-Tier","1083","530","553","48.94","0.96","2.44","0.71","2.58","0.21","2646","765","2793","227","240","45.28","77.57","51.35","22.43","3.15","4.81","45.02","12.30","6204"
"214","🇸🇦","m3lm (88K)","UnknownMagi","438986","4.9","8.52","0.572","Standard Playmaker","C-Tier","1646","913","733","55.47","1.25","0.88","0.51","1.63","0.15","1449","844","2681","254","329","36.04","63.19","64.92","36.81","1.39","2.35","53.90","10.56","4974"
"215","🇧🇷","bndark (144K)","bnzika12","195235","4.8","9.25","0.524","Elite Striker","C-Tier","1328","966","362","72.74","2.67","3.42","0.84","0.80","0.28","4544","1112","1061","373","479","49.59","80.34","18.93","19.66","4.26","3.94","15.80","2.84","6717"
"216","🇪🇬","bestwest (132K)","SpiDerrr","469955","4.8","6.47","0.736","All-Round Midfielder","C-Tier","3092","1392","1700","45.02","0.82","0.78","0.48","1.15","0.16","2416","1485","3551","492","284","20.40","61.93","59.51","38.07","1.26","1.77","47.65","7.22","7452"
"217","🇹🇳","cutehotsexymisti (131K)","Mistigun","461256","4.8","6.64","0.715","Opportunist Striker","C-Tier","2757","1210","1547","43.89","0.78","1.34","0.53","0.67","0.17","3687","1450","1859","477","346","28.60","71.77","33.52","28.23","1.86","1.84","26.57","3.90","6996"
"218","🇭🇺","supsex (126K)","zoli1234","435442","4.8","6.51","0.729","All-Round Midfielder","C-Tier","2981","1307","1674","43.84","0.78","0.92","0.53","1.02","0.19","2756","1581","3027","580","295","22.57","63.55","52.34","36.45","1.45","1.75","41.11","5.22","7364"
"219","🇸🇦","eminem (116K)","IBlueffe","373689","4.8","6.63","0.717","Inconsistent Midfielder","C-Tier","2782","1089","1693","39.14","0.64","0.98","0.41","1.13","0.21","2717","1148","3139","578","305","28.01","70.30","53.60","29.70","1.39","1.90","44.82","5.43","7004"
"220","🇪🇬","possibility (91K)","ResD","368534","4.8","7.59","0.629","Passive Goalkeeper","C-Tier","2029","846","1183","41.70","0.72","0.64","0.42","1.84","0.25","1304","855","3739","498","223","26.36","60.40","74.14","39.60","1.06","2.24","63.39","7.51","5898"
"221","🇹🇷","[fyc]caner (219K)","QuieTHeLL","90844","4.7","5.37","0.884","Inconsistent Midfielder","C-Tier","6209","2339","3870","37.67","0.60","0.96","0.39","0.49","0.14","5941","2398","3070","876","693","29.63","71.24","34.07","28.76","1.34","1.31","26.91","3.50","11409"
"222","🇩🇿","#boykaa (116K)","seif2019","393459","4.7","7.56","0.624","Opportunist Striker","C-Tier","1995","1018","977","51.03","1.04","1.77","0.74","0.68","0.18","3532","1480","1365","368","321","31.53","70.47","27.87","29.53","2.51","2.27","21.41","3.71","6377"
"223","🇺🇦","8oox6oo (108K)","lokkoman","5058","4.7","8.37","0.565","Elite Striker","C-Tier","1600","943","657","58.94","1.44","1.63","0.43","0.96","0.14","2601","694","1530","216","404","42.84","78.94","37.04","21.06","2.06","2.45","31.71","7.08","4825"
"224","🇩🇿","mp40//z (99K)","rekoman123","433912","4.7","8.01","0.585","Opportunist Striker","C-Tier","1735","816","919","47.03","0.89","1.70","0.63","0.98","0.24","2950","1089","1693","422","310","37.99","73.04","36.46","26.96","2.33","2.43","29.54","4.01","5732"
"225","🇨🇦","aceuky/e (96K)","Aceu","119141","4.7","7.05","0.662","Elite Goalkeeper","C-Tier","2244","1148","1096","51.16","1.05","0.46","0.35","1.60","0.16","1029","781","3580","351","277","24.13","56.85","77.67","43.15","0.81","1.90","66.42","10.20","5390"
"226","🇩🇪","fyc|shallowz (127K)","Shallowz","433589","4.6","6.31","0.726","All-Round Midfielder","C-Tier","2936","1414","1522","48.16","0.93","1.12","0.43","0.59","0.10","3300","1260","1721","290","439","31.05","72.37","34.28","27.63","1.55","1.61","27.40","5.93","6281"
"227","🇸🇦","noob-to-pro (118K)","BB1","173944","4.6","6.93","0.669","Opportunist Striker","C-Tier","2292","1054","1238","45.99","0.85","1.36","0.56","0.68","0.27","3127","1273","1548","624","340","32.26","71.07","33.11","28.93","1.92","1.77","26.03","2.48","5948"
"228","🇷🇸","nostalgicflowers24 (102K)","Ukletikinez","314993","4.6","6.86","0.672","Inconsistent Midfielder","C-Tier","2314","915","1399","39.54","0.65","1.13","0.47","1.13","0.22","2611","1097","2616","513","230","25.14","70.42","50.05","29.58","1.60","2.04","41.37","5.10","6324"
"229","🇪🇬","maven (100K)","mohema","455964","4.6","7.55","0.605","Elite Striker","C-Tier","1866","953","913","51.07","1.04","1.54","0.55","0.76","0.18","2868","1031","1415","341","327","34.31","73.56","33.04","26.44","2.09","2.11","26.63","4.15","5314"
"230","🇪🇬","mix_team_pier_noob (97K)","ahmedoka","236666","4.6","7.87","0.585","Opportunist Striker","C-Tier","1735","860","875","49.57","0.98","1.43","0.53","1.10","0.21","2480","922","1917","368","256","29.77","72.90","43.60","27.10","1.96","2.32","36.04","5.21","5319"
"231","🇩🇿","vozinha (92K)","Wail760","425335","4.6","7.00","0.661","Passive Goalkeeper","C-Tier","2238","929","1309","41.51","0.71","0.40","0.37","1.86","0.23","906","839","4166","504","185","19.91","51.92","82.14","48.08","0.78","2.04","70.48","8.27","5911"
"232","🇭🇺","meliodas (89K)","human123456789","375559","4.6","8.34","0.546","Elite Striker","C-Tier","1475","721","754","48.88","0.96","1.79","0.64","1.11","0.22","2640","940","1635","319","273","37.86","73.74","38.25","26.26","2.43","2.68","31.35","5.13","5215"
"233","🇸🇦","#talisca (86K)","B52Alenzi","415716","4.6","8.79","0.528","Elite Striker","C-Tier","1353","694","659","51.29","1.05","1.88","0.58","1.23","0.28","2547","780","1660","375","310","44.67","76.56","39.46","23.44","2.46","2.83","33.29","4.43","4987"
"234","🇵🇱","sexysigmassaj (82K)","GdzieRentaBabciu","406766","4.6","8.31","0.549","Standard Playmaker","C-Tier","1492","754","738","50.54","1.02","1.08","0.51","1.48","0.17","1608","762","2207","248","273","36.21","67.85","57.85","32.15","1.59","2.39","48.22","8.90","4577"
"235","🇭🇺","lars (62K)","Benoit06","274911","4.6","10.00","0.458","Elite Striker","C-Tier","886","472","414","53.27","1.14","1.69","0.58","1.79","0.15","1499","518","1582","130","231","48.94","74.32","51.35","25.68","2.28","3.33","43.96","12.17","3599"
"236","🇪🇬","mody (95K)","MADMD","466091","4.5","7.55","0.601","All-Round Midfielder","C-Tier","1843","898","945","48.72","0.95","1.14","0.57","1.05","0.16","2102","1045","1943","297","312","34.74","66.79","48.03","33.21","1.71","2.03","38.17","6.54","5090"
"237","🇪🇬","iflord (115K)","LoOoOrD","422360","4.5","6.07","0.737","Passive Goalkeeper","D-Tier","3111","1308","1803","42.04","0.73","0.47","0.37","1.38","0.19","1456","1163","4286","591","222","16.97","55.59","74.64","44.41","0.84","1.66","62.07","7.25","6905"
"238","🇦🇷","hx2-ar (109K)","Lechublg","288367","4.5","6.47","0.696","Ball-Chasing Striker","C-Tier","2475","974","1501","39.35","0.65","1.38","0.50","0.58","0.23","3419","1242","1441","575","326","33.47","73.35","29.65","26.65","1.88","1.73","23.62","2.51","6102"
"239","🇺🇾","agzuy (101K)","Alekpo14","179038","4.5","7.58","0.588","Opportunist Striker","D-Tier","1751","808","943","46.15","0.86","1.57","0.55","0.82","0.26","2748","970","1428","454","308","38.12","73.91","34.20","26.09","2.12","2.13","27.75","3.15","5146"
"240","🇸🇮","krekmaster69 (100K)","gregadrew","188751","4.5","7.59","0.589","Elite Striker","D-Tier","1757","971","786","55.26","1.24","1.62","0.64","0.59","0.14","2848","1118","1041","251","355","36.56","71.81","26.77","28.19","2.26","2.07","20.79","4.15","5007"
"241","🇭🇺","stalewitch58 (96K)","petrich","219997","4.5","7.67","0.583","Opportunist Striker","D-Tier","1720","822","898","47.79","0.92","1.51","0.62","0.75","0.21","2590","1074","1297","355","322","39.17","70.69","33.37","29.31","2.13","2.05","26.14","3.65","4961"
"242","🇱🇹","#demuu (96K)","demuu","77112","4.5","7.84","0.579","Elite Striker","C-Tier","1691","888","803","52.51","1.11","1.61","0.57","0.75","0.16","2723","969","1274","276","362","40.77","73.75","31.87","26.25","2.18","2.20","25.65","4.62","4966"
"243","🇮🇱","*marco (91K)","aliyosef","289614","4.5","7.93","0.568","Opportunist Striker","C-Tier","1622","865","757","53.33","1.14","1.53","0.67","0.89","0.24","2489","1088","1438","392","267","30.87","69.58","36.62","30.42","2.21","2.18","28.67","3.67","5015"
"244","🇪🇬","prada (86K)","alphabet","362546","4.5","7.90","0.564","Opportunist Striker","D-Tier","1591","747","844","46.95","0.89","1.52","0.54","1.02","0.20","2412","852","1626","317","266","35.61","73.90","40.27","26.10","2.05","2.34","33.25","5.13","4890"
"245","🇹🇷","armorum_var (80K)","selcuk2400","448842","4.5","8.00","0.556","All-Round Midfielder","D-Tier","1541","745","796","48.35","0.94","0.95","0.53","1.54","0.21","1458","812","2371","330","230","30.87","64.23","61.92","35.77","1.47","2.27","51.09","7.18","4641"
"246","🇪🇬","c$|knafa (78K)","knafa2","445955","4.5","8.73","0.510","Elite Striker","D-Tier","1232","642","590","52.11","1.09","1.84","0.58","1.18","0.21","2263","719","1449","262","285","44.39","75.89","39.04","24.11","2.42","2.80","32.70","5.53","4431"
"247","🇳🇱","o_o (53K)","moncler3k","481807","4.5","10.00","0.445","Elite Goalkeeper","D-Tier","801","514","287","64.17","1.79","0.77","0.52","2.32","0.17","614","417","1859","134","234","45.53","59.55","75.17","40.45","1.29","2.92","64.33","13.87","2890"
"248","🇷🇺","[afe]startseva (120K)","Startseva","216502","4.4","6.20","0.715","All-Round Midfielder","D-Tier","2753","1446","1307","52.52","1.11","1.03","0.53","0.60","0.14","2834","1466","1641","399","323","22.34","65.91","36.67","34.09","1.56","1.48","27.62","4.11","5941"
"249","🇦🇹","#albo (110K)","ALB0","174185","4.4","7.92","0.553","Elite Striker","D-Tier","1521","941","580","61.87","1.62","2.00","0.52","0.47","0.12","3044","794","709","183","477","50.69","79.31","18.89","20.69","2.52","2.35","15.59","3.87","4547"
"250","🇭🇺","mexii (93K)","huntress195","426479","4.4","8.70","0.511","Elite Striker","D-Tier","1237","669","568","54.08","1.18","2.64","0.54","0.95","0.22","3264","664","1174","274","392","58.59","83.10","26.45","16.90","3.18","3.37","23.01","4.28","5102"
"251","🇦🇷","nerek (93K)","Nerek","247866","4.4","7.28","0.601","Elite Striker","D-Tier","1841","888","953","48.23","0.93","1.54","0.50","0.61","0.23","2843","916","1131","419","356","40.09","75.63","28.46","24.37","2.04","1.93","23.13","2.70","4890"
"252","🇧🇪","stinoking (90K)","Stinoking","240164","4.4","7.45","0.594","Opportunist Striker","D-Tier","1796","793","1003","44.15","0.79","1.37","0.57","0.95","0.18","2454","1016","1703","329","270","34.05","70.72","40.97","29.28","1.93","2.13","32.92","5.18","5173"
"253","🇸🇪","lay-z (82K)","eduffr","6834","4.4","8.00","0.549","Elite Striker","D-Tier","1492","780","712","52.28","1.10","1.48","0.58","0.94","0.16","2210","872","1409","235","273","35.00","71.71","38.93","28.29","2.07","2.27","31.37","6.00","4491"
"254","🇲🇰","#pvper (71K)","leonardo2004","119611","4.4","8.80","0.498","Elite Striker","D-Tier","1150","705","445","61.30","1.58","1.41","0.48","1.15","0.20","1626","547","1317","233","308","43.69","74.83","44.75","25.17","1.89","2.36","37.74","5.65","3490"
"255","🇱🇻","krazy (71K)","WsLockedWs","376944","4.4","8.38","0.522","Ball-Chasing Striker","D-Tier","1314","556","758","42.31","0.73","1.51","0.51","1.30","0.31","1984","672","1712","408","226","40.65","74.70","46.32","25.30","2.02","2.50","39.19","4.20","4368"
"256","🇮🇱","ch#n (64K)","bsharsawaed","235500","4.4","9.33","0.469","Elite Striker","D-Tier","957","494","463","51.62","1.07","1.68","0.64","1.63","0.18","1612","608","1561","172","165","33.40","72.61","49.20","27.39","2.32","3.14","41.29","9.08","3781"
"257","🇨🇱","[hvs]kingkane (133K)","KingPower","364857","4.3","5.57","0.778","All-Round Midfielder","D-Tier","3800","1747","2053","45.97","0.85","1.01","0.41","0.43","0.16","3854","1569","1621","620","450","25.76","71.07","29.61","28.93","1.43","1.28","23.01","2.61","7044"
"258","🇵🇰","~crazy_swan~ (114K)","zaid","35568","4.3","6.11","0.707","Inconsistent Midfielder","D-Tier","2611","1030","1581","39.45","0.65","1.17","0.54","0.69","0.28","3051","1403","1804","732","246","23.88","68.50","37.16","31.50","1.71","1.58","28.83","2.46","6258"
"259","🇲🇾","energy10 (98K)","Ahmedwinner","427352","4.3","7.26","0.600","Opportunist Striker","D-Tier","1833","915","918","49.92","1.00","1.62","0.56","0.65","0.26","2974","1030","1185","474","304","33.22","74.28","28.49","25.72","2.18","2.01","22.84","2.50","5189"
"260","🇸🇰","adotrep (87K)","Trepkin8","45552","4.3","8.16","0.530","Elite Striker","D-Tier","1365","777","588","56.92","1.32","1.89","0.71","0.73","0.16","2586","973","999","218","321","41.31","72.66","27.87","27.34","2.61","2.47","21.92","4.58","4558"
"261","🇮🇷","[asw]ei8ght (75K)","HAMEDASGHARI","451879","4.3","8.38","0.512","Elite Striker","D-Tier","1246","605","641","48.56","0.94","1.65","0.54","1.07","0.21","2050","674","1335","258","275","45.45","75.26","39.44","24.74","2.19","2.51","32.89","5.17","4059"
"262","🇸🇦",".NOVA&demoN~! (74K)","Demon!","117694","4.3","9.07","0.471","Elite Striker","D-Tier","975","567","408","58.15","1.39","2.15","0.65","1.16","0.38","2094","636","1134","372","259","45.68","76.70","35.13","23.30","2.80","2.93","29.35","3.05","3864"
"263","🇵🇪","tessa (73K)","Tessa","240652","4.3","8.50","0.506","Opportunist Striker","D-Tier","1204","559","645","46.43","0.87","1.67","0.54","1.30","0.32","2016","655","1562","386","215","38.46","75.48","43.66","24.52","2.22","2.65","36.90","4.05","4233"
"264","🇸🇦","~fp~//#char (65K)","jpz6","405512","4.3","9.41","0.457","Elite Striker","D-Tier","879","480","399","54.61","1.20","2.21","0.70","1.27","0.21","1944","612","1116","188","253","52.71","76.06","36.47","23.94","2.91","3.27","30.39","5.94","3672"
"265","🇧🇦","dzambo (64K)","freroad","222383","4.3","9.27","0.468","Elite Striker","D-Tier","951","476","475","50.05","1.00","1.94","0.72","1.30","0.26","1842","680","1233","248","243","51.05","73.04","40.10","26.96","2.65","2.97","32.84","4.97","3755"
"266","🇹🇷","ksk (97K)","proksk","177294","4.2","6.41","0.653","All-Round Midfielder","D-Tier","2189","1049","1140","47.92","0.92","0.81","0.46","1.01","0.21","1770","997","2205","467","243","23.16","63.97","55.47","36.03","1.26","1.60","44.35","4.72","4972"
"267","🇦🇿","pradaksin (93K)","apexQaRa","434443","4.2","6.31","0.671","Inconsistent Midfielder","D-Tier","2307","964","1343","41.79","0.72","0.98","0.41","0.88","0.17","2251","953","2021","399","286","29.67","70.26","47.31","29.74","1.39","1.68","38.68","5.07","5225"
"268","🇫🇷","cantona (83K)","Napoleon","10230","4.2","8.94","0.465","Elite Striker","D-Tier","932","605","327","64.91","1.85","2.70","0.56","0.71","0.19","2514","524","659","173","394","65.12","82.75","20.77","17.25","3.26","3.22","17.83","3.81","3697"
"269","🇩🇿","...longtime (81K)","diregscxd","428284","4.2","7.59","0.560","Elite Striker","D-Tier","1564","758","806","48.47","0.94","1.35","0.54","0.90","0.15","2112","840","1412","229","283","37.34","71.54","40.07","28.46","1.89","2.11","32.36","6.17","4364"
"270","🇧🇷","diwol (80K)","victornext","289810","4.2","7.78","0.538","Elite Striker","D-Tier","1417","690","727","48.69","0.95","1.73","0.58","0.81","0.29","2452","822","1146","414","281","40.72","74.89","31.85","25.11","2.31","2.25","25.93","2.77","4420"
"271","🇯🇴","asseem (73K)","asemqasem","461857","4.2","8.13","0.523","Opportunist Striker","D-Tier","1319","604","715","45.79","0.84","1.24","0.51","1.36","0.17","1638","670","1800","224","219","36.26","70.97","52.36","29.03","1.75","2.44","43.82","8.04","4108"
"272","🇹🇷","l.modric (68K)","klasobez","478045","4.2","8.23","0.505","Opportunist Striker","D-Tier","1201","626","575","52.12","1.09","1.24","0.49","1.38","0.15","1495","587","1658","186","195","31.15","71.81","52.58","28.19","1.73","2.47","44.33","8.91","3740"
"273","🇹🇳","[ic]deroy (52K)","chermiti","302275","4.2","9.36","0.454","Elite Striker","D-Tier","860","419","441","48.72","0.95","1.42","0.61","1.63","0.20","1221","521","1405","173","179","42.72","70.09","53.50","29.91","2.03","2.85","44.65","8.12","3147"
"274","🇱🇻","ziks1 (88K)","Ziks","119589","4.1","7.40","0.558","Elite Striker","D-Tier","1555","753","802","48.42","0.94","1.72","0.60","0.58","0.17","2680","939","904","267","314","41.70","74.05","25.22","25.95","2.33","2.13","19.99","3.39","4523"
"275","🇵🇱","fkrlkgandallthisshit (87K)","Hurri","107853","4.1","7.16","0.567","Opportunist Striker","D-Tier","1614","705","909","43.68","0.78","1.52","0.50","0.66","0.21","2450","805","1062","342","281","39.86","75.27","30.24","24.73","2.02","1.96","24.60","3.11","4317"
"276","🇸🇦","bsl|revel. (86K)","ba2el","396467","4.1","7.69","0.534","Elite Striker","D-Tier","1393","804","589","57.72","1.37","1.85","0.66","0.58","0.16","2571","920","807","224","297","36.94","73.65","23.89","26.35","2.51","2.26","18.78","3.60","4298"
"277","🇵🇱","matteyko (77K)","MatiaX","145078","4.1","7.71","0.537","All-Round Midfielder","D-Tier","1412","693","719","49.08","0.96","1.13","0.48","1.21","0.20","1599","679","1711","282","236","34.05","70.19","51.69","29.81","1.61","2.14","42.89","6.07","3989"
"278","🇵🇱","[ic]dres10 (75K)","Dres10","199509","4.1","7.60","0.540","Opportunist Striker","D-Tier","1430","649","781","45.38","0.83","1.26","0.52","1.18","0.19","1796","745","1681","269","198","30.51","70.68","48.35","29.32","1.78","2.24","39.82","6.25","4222"
"279","🇪🇬","rizzux (59K)","TheHunterAhmad","338270","4.1","8.20","0.502","Passive Goalkeeper","D-Tier","1180","446","734","37.80","0.61","1.00","0.44","1.85","0.18","1175","521","2181","209","149","33.41","69.28","64.99","30.72","1.44","2.67","56.25","10.44","3877"
"280","🇵🇱","gronzu# (46K)","bgdhjkptw","332042","4.1","9.25","0.439","Elite Striker","D-Tier","758","392","366","51.72","1.07","1.51","0.61","1.52","0.21","1142","459","1153","160","151","38.52","71.33","50.24","28.67","2.11","2.82","41.87","7.21","2754"
"281","🇵🇹","mariana (43K)","marianaxd","473545","4.1","9.63","0.428","Ball-Chasing Striker","D-Tier","684","224","460","32.75","0.49","1.40","0.65","2.15","0.32","959","446","1468","220","86","38.39","68.26","60.49","31.74","2.05","3.23","51.10","6.67","2873"
"282","🇫🇷","mereonion67 (86K)","7modi","51081","4.0","6.75","0.591","Opportunist Striker","D-Tier","1772","770","1002","43.45","0.77","1.44","0.53","0.54","0.26","2545","948","963","452","272","35.32","72.86","27.45","27.14","1.97","1.72","21.61","2.13","4456"
"283","🇧🇷","will# (80K)","WiLLMTA3","468260","4.0","7.19","0.564","Opportunist Striker","D-Tier","1591","707","884","44.44","0.80","1.35","0.45","0.85","0.23","2148","720","1350","359","262","37.06","74.90","38.59","25.10","1.80","1.97","32.01","3.76","4218"
"284","🇹🇷","bellagio (76K)","carl48","443460","4.0","7.55","0.524","Elite Striker","D-Tier","1327","651","676","49.06","0.96","1.71","0.55","0.82","0.18","2269","730","1082","239","222","34.10","75.66","32.29","24.34","2.26","2.35","26.51","4.53","4081"
"285","🇩🇪","slashin (71K)","payer","308131","4.0","8.31","0.486","Elite Striker","D-Tier","1071","605","466","56.49","1.30","1.77","0.50","0.94","0.14","1891","536","1009","148","260","42.98","77.92","34.79","22.08","2.27","2.57","29.37","6.82","3436"
"286","🇭🇺","hehexd (70K)","gergoakos1","192774","4.0","8.10","0.496","Opportunist Striker","D-Tier","1138","531","607","46.66","0.87","1.72","0.56","1.05","0.18","1958","634","1199","202","211","39.74","75.54","37.98","24.46","2.28","2.60","31.63","5.94","3791"
"287","🇧🇷",".... (70K)","lucasnopen","87994","4.0","8.55","0.462","Elite Striker","D-Tier","910","496","414","54.51","1.20","2.59","0.76","0.82","0.45","2357","692","750","410","253","51.01","77.30","24.14","22.70","3.35","2.96","19.74","1.83","3799"
"288","🇹🇷","outy (69K)","yousefpro","303380","4.0","7.25","0.555","All-Round Midfielder","D-Tier","1535","707","828","46.06","0.85","0.86","0.52","1.36","0.23","1321","800","2095","357","178","25.18","62.28","61.33","37.72","1.38","1.99","49.69","5.87","4216"
"289","🇵🇱","lukas (69K)","Stasiek","218405","4.0","7.98","0.496","Opportunist Striker","D-Tier","1140","541","599","47.46","0.90","1.73","0.69","0.99","0.21","1969","789","1123","244","180","33.27","71.39","36.32","28.61","2.42","2.50","28.94","4.60","3881"
"290","🇷🇺","dracoje (57K)","DracoJe","187064","4.0","8.94","0.446","Elite Striker","D-Tier","804","457","347","56.84","1.32","2.04","0.52","1.03","0.16","1637","417","832","127","257","56.24","79.70","33.70","20.30","2.55","2.91","28.83","6.55","2886"
"291","🇹🇳","vvarrikon! (57K)","Gassrin20","376255","4.0","8.51","0.474","Opportunist Striker","D-Tier","991","464","527","46.82","0.88","1.47","0.60","1.35","0.25","1454","594","1337","249","157","33.84","71.00","47.90","29.00","2.07","2.57","39.50","5.37","3385"
"292","🇵🇱","logien (55K)","GronzU","317010","4.0","8.44","0.473","Opportunist Striker","D-Tier","986","459","527","46.55","0.87","1.44","0.74","1.31","0.22","1418","732","1291","220","133","28.98","65.95","47.66","34.05","2.18","2.52","37.52","5.87","3441"
"293","🇵🇱","""pijaq! (55K)","Ragin","254338","4.0","9.76","0.411","Elite Striker","D-Tier","575","415","160","72.17","2.59","3.03","0.86","0.93","0.18","1741","493","535","103","234","56.39","77.93","23.51","22.07","3.89","3.78","19.32","5.19","2769"
"294","🇭🇺","ngztaktak (48K)","dementor12","256388","4.0","8.83","0.452","Passive Goalkeeper","D-Tier","846","385","461","45.51","0.84","0.89","0.51","2.25","0.28","749","433","1902","238","79","20.52","63.37","71.75","36.63","1.40","2.85","61.67","7.99","3084"
"295","🇭🇺","yoxux5 (46K)","DragonLord12","359518","4.0","10.00","0.403","Elite Striker","D-Tier","520","339","181","65.19","1.87","2.79","0.68","1.48","0.17","1450","351","772","87","191","56.34","80.51","34.74","19.49","3.46","4.11","30.00","8.87","2573"
"296","🇭🇺","arany_donkey (42K)","Pcg","163311","4.0","10.00","0.401","Opportunist Striker","D-Tier","509","241","268","47.35","0.90","1.87","0.58","2.81","0.37","953","295","1432","186","87","36.10","76.36","60.04","23.64","2.45","4.32","53.43","7.70","2680"
"297","🇸🇦","attacktomato324 (41K)","UnknownMag","447083","4.0","9.47","0.427","Elite Goalkeeper","D-Tier","677","396","281","58.49","1.41","0.90","0.46","1.91","0.15","611","313","1293","103","181","45.71","66.13","67.91","33.87","1.36","2.66","58.32","12.55","2217"
"298","🇲🇦","|hfg|rizzo (108K)","player123gg","165278","3.9","5.35","0.735","Inconsistent Midfielder","D-Tier","3081","1167","1914","37.88","0.61","0.89","0.45","0.57","0.18","2754","1375","1768","545","289","24.76","66.70","39.10","33.30","1.34","1.29","29.98","3.24","5897"
"299","🇮🇹","cosmoantoniogiancaspro (77K)","Araberara","2228","3.9","8.77","0.442","Elite Striker","D-Tier","778","556","222","71.47","2.50","3.29","0.63","0.57","0.16","2556","493","440","126","326","58.63","83.83","14.69","16.17","3.92","3.69","12.61","3.49","3489"
"300","🇷🇺","kuchin (75K)","Alexku005","359593","3.9","8.39","0.467","Elite Striker","D-Tier","949","578","371","60.91","1.56","2.54","0.62","0.60","0.18","2406","584","568","171","330","57.09","80.47","19.10","19.53","3.15","2.95","15.96","3.32","3558"
"301","🇪🇬","rui_coosta (69K)","elmajecoabdo","306097","3.9","7.56","0.510","Opportunist Striker","D-Tier","1235","620","615","50.20","1.01","1.56","0.69","0.75","0.23","1932","850","927","284","190","30.65","69.45","32.42","30.55","2.25","2.09","24.99","3.26","3709"
"302","🇭🇷","|gsf|kyle (69K)","Kyle123456","174083","3.9","8.50","0.463","Elite Striker","D-Tier","917","506","411","55.18","1.23","2.35","0.68","0.83","0.21","2153","619","765","195","257","50.79","77.67","26.22","22.33","3.02","2.97","21.63","3.92","3537"
"303","🇵🇱","napletomir (68K)","PiJaQ1337","455274","3.9","7.57","0.509","Elite Striker","D-Tier","1225","717","508","58.53","1.41","1.37","0.57","0.64","0.11","1679","694","786","139","263","36.68","70.75","31.89","29.25","1.94","1.90","24.88","5.65","3159"
"304","🇸🇦","[f*]m3and (66K)","AlaraB","314990","3.9","7.36","0.525","All-Round Midfielder","D-Tier","1336","597","739","44.69","0.81","1.16","0.46","1.09","0.18","1544","620","1456","247","213","35.68","71.35","48.53","28.65","1.62","2.06","40.22","5.89","3620"
"305","🇨🇴","srandry (54K)","xTORETOx","269271","3.9","8.22","0.480","All-Round Midfielder","D-Tier","1031","451","580","43.74","0.78","1.19","0.62","1.49","0.28","1228","639","1532","285","143","31.71","65.77","55.51","34.23","1.81","2.40","45.07","5.38","3399"
"306","🇷🇴","var.check (42K)","BaiatulFantoma","65800","3.9","9.53","0.409","Opportunist Striker","D-Tier","563","329","234","58.44","1.41","1.43","0.67","1.63","0.21","805","376","920","120","107","32.52","68.16","53.33","31.84","2.10","2.85","43.79","7.67","2101"
"307","🇲🇾","beckham (41K)","FreeWint66","444204","3.9","9.74","0.400","Elite Striker","D-Tier","501","298","203","59.48","1.47","2.67","0.71","1.34","0.31","1339","357","673","156","157","52.68","78.95","33.45","21.05","3.39","3.70","28.41","4.31","2369"
"308","🇷🇴","pari. (38K)","Bugatty123","61529","3.9","10.00","0.386","Elite Goalkeeper","D-Tier","483","231","252","47.83","0.92","1.59","0.66","3.13","0.25","767","319","1513","119","72","31.17","70.63","66.36","29.37","2.25","4.47","58.21","12.71","2599"
"309","🇪🇬","extreme (96K)","HEROOO12345","413156","3.8","6.44","0.592","Ball-Chasing Striker","D-Tier","1779","887","892","49.86","0.99","1.63","0.69","0.31","0.27","2907","1222","547","475","206","23.22","70.40","15.84","29.60","2.32","1.67","11.70","1.15","4676"
"310","🇹🇷","venade~ (69K)","VenaDe","4727","3.8","7.26","0.527","Opportunist Striker","D-Tier","1344","615","729","45.76","0.84","1.59","0.59","0.69","0.24","2141","792","932","327","212","34.47","73.00","30.33","27.00","2.18","2.04","24.11","2.85","3865"
"311","🇹🇷","satoru (68K)","tunbar","139945","3.8","7.63","0.498","Opportunist Striker","D-Tier","1156","522","634","45.16","0.82","1.97","0.58","0.78","0.30","2280","665","900","342","226","43.30","77.42","28.30","22.58","2.55","2.46","23.41","2.63","3845"
"312","🇭🇺","madeinnograd (62K)","XMILANSTARX","48308","3.8","8.00","0.478","Opportunist Striker","D-Tier","1022","519","503","50.78","1.03","1.66","0.84","0.83","0.27","1701","863","848","276","167","32.18","66.34","33.27","33.66","2.51","2.22","24.85","3.07","3412"
"313","🇭🇺","eddy (61K)","Eddy99","106337","3.8","8.35","0.448","Opportunist Striker","D-Tier","823","477","346","57.96","1.38","2.04","0.74","0.97","0.19","1679","609","797","154","150","31.45","73.38","32.19","26.62","2.78","2.82","25.83","5.18","3085"
"314","🇵🇱","cocksucker2008 (60K)","sadistic","283666","3.8","8.76","0.432","Elite Striker","D-Tier","714","414","300","57.98","1.38","2.62","0.76","0.92","0.19","1873","541","654","137","197","47.58","77.59","25.88","22.41","3.38","3.35","21.32","4.77","3068"
"315","🇵🇱","as* (56K)","Shadowik","188580","3.8","8.52","0.451","Elite Striker","D-Tier","837","432","405","51.61","1.07","2.07","0.79","1.05","0.23","1734","663","877","190","161","37.27","72.34","33.59","27.66","2.86","2.89","26.79","4.62","3274"
"316","🇷🇺","ff-batya (52K)","pashan947","308147","3.8","8.08","0.475","Ball-Chasing Striker","D-Tier","1001","344","657","34.37","0.52","1.53","0.62","1.43","0.34","1530","620","1436","338","96","27.91","71.16","48.42","28.84","2.15","2.63","40.04","4.25","3586"
"317","🇵🇱","ribe (43K)","rais","204792","3.8","8.69","0.433","Elite Striker","D-Tier","719","347","372","48.26","0.93","1.57","0.60","1.34","0.24","1130","432","966","169","127","36.60","72.34","46.09","27.66","2.17","2.68","38.21","5.72","2528"
"318","🇷🇺","+17 (43K)","StEkLOPAkit","277130","3.8","9.18","0.416","Elite Striker","D-Tier","604","349","255","57.78","1.37","1.59","0.55","1.49","0.18","961","332","898","110","117","33.52","74.32","48.31","25.68","2.14","2.90","40.99","8.16","2191"
"319","🇹🇷","yetim (42K)","bartug12","468171","3.8","9.32","0.407","Elite Striker","D-Tier","546","322","224","58.97","1.44","2.27","0.68","1.03","0.19","1242","372","563","104","191","59.32","76.95","31.19","23.05","2.96","3.12","25.86","5.41","2177"
"320","🇸🇦","<h1><mark><marquee>nak (39K)","snowwolf","482125","3.8","9.83","0.386","Elite Striker","D-Tier","483","298","185","61.70","1.61","2.25","0.75","1.27","0.18","1088","361","615","85","162","54.36","75.09","36.11","24.91","3.00","3.35","29.80","7.24","2064"
"321","🇹🇷","o|josef (83K)","Greenlord","230037","3.7","7.60","0.489","Elite Striker","D-Tier","1092","643","449","58.88","1.43","2.53","0.66","0.50","0.20","2767","718","550","217","252","39.19","79.40","16.58","20.60","3.19","2.84","13.63","2.53","4035"
"322","🇲🇦","aspro (80K)","Osazi","474236","3.7","6.06","0.616","Inconsistent Midfielder","D-Tier","1938","776","1162","40.04","0.67","0.84","0.50","1.03","0.16","1619","962","1995","312","140","18.04","62.73","55.20","37.27","1.33","1.70","43.60","6.39","4576"
"323","🇸🇦","blackfishtrap26 (74K)","say","152677","3.7","7.32","0.506","Elite Striker","D-Tier","1208","616","592","50.99","1.04","1.88","0.61","0.53","0.26","2268","737","640","313","242","39.29","75.47","22.01","24.53","2.49","2.15","17.56","2.04","3645"
"324","🇹🇳","#ramsii (47K)","RAMSII2014","242557","3.7","8.43","0.434","Elite Striker","D-Tier","729","372","357","51.03","1.04","1.85","0.46","1.11","0.19","1347","338","812","139","169","45.43","79.94","37.61","20.06","2.31","2.77","32.52","5.84","2497"
"325","🇦🇷","*nicolas (62K)","yonicolas","40283","3.7","8.02","0.458","Elite Striker","D-Tier","887","480","407","54.11","1.18","2.06","0.60","0.70","0.35","1828","535","623","313","228","47.50","77.36","25.42","22.64","2.66","2.41","20.86","1.99","2986"
"326","🇲🇦","habitualrobber43 (51K)","Anasmorocco","456844","3.7","7.67","0.482","Passive Goalkeeper","D-Tier","1049","451","598","42.99","0.75","0.72","0.42","1.81","0.20","754","436","1900","207","118","26.16","63.36","71.59","36.64","1.13","2.33","61.49","9.18","3090"
"327","🇭🇷","|mk1|kowalski (45K)","Kowalski666","393076","3.7","8.09","0.455","Elite Striker","D-Tier","868","461","407","53.11","1.13","1.24","0.49","1.11","0.17","1076","422","965","146","190","41.21","71.83","47.28","28.17","1.73","2.18","39.18","6.61","2463"
"328","🇸🇦","readyaunt50 (44K)","xM7MAD","370624","3.7","8.54","0.437","Elite Striker","D-Tier","749","362","387","48.33","0.94","1.65","0.49","1.21","0.21","1234","365","909","161","162","44.75","77.17","42.42","22.83","2.13","2.65","36.24","5.65","2508"
"329","🇲🇽","#krew (44K)","#Krew","42930","3.7","8.48","0.433","Elite Striker","D-Tier","723","378","345","52.28","1.10","1.59","0.64","1.14","0.33","1149","463","825","240","134","35.45","71.28","41.79","28.72","2.23","2.40","33.85","3.44","2437"
"330","🇩🇪","meteor (41K)","PhantomRider","49931","3.7","8.79","0.416","Opportunist Striker","D-Tier","609","276","333","45.32","0.83","2.03","0.62","1.31","0.35","1239","379","795","214","127","46.01","76.58","39.09","23.42","2.66","2.99","32.95","3.71","2413"
"331","🇩🇪","denecke (41K)","Denecke","49384","3.7","9.30","0.401","Elite Striker","D-Tier","507","312","195","61.54","1.60","2.09","0.52","1.25","0.15","1058","263","632","77","154","49.36","80.09","37.40","19.91","2.61","3.18","32.36","8.21","1953"
"332","🇸🇦","<h1><b><mark>am_blackk (40K)","rockandroll","483865","3.7","10.00","0.370","Elite Striker","D-Tier","462","292","170","63.20","1.72","2.46","0.68","1.33","0.15","1138","312","613","71","177","60.62","78.48","35.01","21.52","3.14","3.64","29.71","8.63","2063"
"333","🇲🇦","kakarot (37K)","ThaaBeasT","374542","3.7","8.49","0.431","Ball-Chasing Striker","D-Tier","708","254","454","35.88","0.56","1.29","0.44","1.81","0.30","912","315","1282","212","86","33.86","74.33","58.43","25.67","1.73","2.80","51.10","6.05","2509"
"334","🇧🇬","|hfg|kristyle (77K)","krisano","294534","3.6","6.57","0.549","Opportunist Striker","D-Tier","1491","690","801","46.28","0.86","1.71","0.50","0.41","0.14","2556","743","604","215","234","33.91","77.48","19.11","22.52","2.21","1.98","15.48","2.81","3903"
"335","🇪🇸","[f*]trashkiller (67K)","iiMoKazz","422775","3.6","6.75","0.536","Opportunist Striker","D-Tier","1409","661","748","46.91","0.88","1.27","0.54","0.68","0.19","1787","755","956","273","200","30.26","70.30","34.85","29.70","1.80","1.75","27.33","3.50","3498"
"336","🇲🇦","batistuta (61K)","aglay","442196","3.6","7.31","0.497","Ball-Chasing Striker","D-Tier","1146","555","591","48.43","0.94","1.59","0.60","0.77","0.24","1820","685","881","279","155","27.93","72.65","32.62","27.35","2.19","2.11","26.02","3.16","3386"
"337","🇧🇬","#xtcent (58K)","XtcentBG","109751","3.6","7.62","0.475","Elite Striker","D-Tier","1001","559","442","55.84","1.26","1.41","0.48","0.78","0.15","1410","479","776","146","202","36.14","74.64","35.50","25.36","1.89","2.04","29.12","5.32","2665"
"338","🇭🇺","#survival"" (58K)","BigDann","67957","3.6","7.67","0.472","Opportunist Striker","D-Tier","979","504","475","51.48","1.06","1.42","0.59","0.93","0.28","1394","575","909","270","149","29.56","70.80","39.47","29.20","2.01","2.08","31.58","3.37","2878"
"339","🇵🇹","ovelhagorda (55K)","AndreBatata","445857","3.6","7.83","0.462","Ball-Chasing Striker","D-Tier","910","319","591","35.05","0.54","2.05","0.46","1.16","0.35","1870","421","1060","315","142","44.51","81.62","36.18","18.38","2.52","2.87","31.63","3.37","3351"
"340","🇩🇪","shitler (53K)","hundebock","358270","3.6","7.58","0.471","Opportunist Striker","D-Tier","974","454","520","46.61","0.87","1.66","0.67","0.86","0.29","1618","657","834","281","137","30.18","71.12","34.01","28.88","2.34","2.23","26.83","2.97","3109"
"341","🇪🇬","ftdkoshry (51K)","koshry","478335","3.6","7.26","0.492","Elite Goalkeeper","D-Tier","1111","515","596","46.35","0.86","0.58","0.33","1.70","0.14","639","369","1888","150","133","25.83","63.39","74.71","36.61","0.91","2.14","65.19","12.59","2896"
"342","🇪🇸","iniesta (48K)","Jazzy","189461","3.6","8.11","0.446","Opportunist Striker","D-Tier","804","351","453","43.66","0.77","1.57","0.68","1.01","0.24","1259","548","813","190","143","40.74","69.67","39.24","30.33","2.25","2.34","31.03","4.28","2620"
"343","🇭🇺","hikaru_nakamura (37K)","CsikisTalp","312087","3.6","8.57","0.415","Opportunist Striker","D-Tier","602","309","293","51.33","1.05","1.60","0.68","1.27","0.32","963","409","763","194","93","30.10","70.19","44.21","29.81","2.28","2.54","35.74","3.93","2135"
"344","🇧🇦","eldin (64K)","eldin123","193204","3.5","7.61","0.466","Elite Striker","D-Tier","942","516","426","54.78","1.21","2.18","0.62","0.45","0.18","2058","584","427","166","248","48.06","77.90","17.18","22.10","2.80","2.46","13.91","2.57","3069"
"345","🇪🇬","vxlalex (61K)","AbdElHAY2002","282180","3.5","6.94","0.509","Opportunist Striker","D-Tier","1229","564","665","45.89","0.85","1.56","0.74","0.48","0.24","1916","907","593","297","171","30.32","67.87","23.63","32.13","2.30","1.80","17.36","2.00","3416"
"346","🇷🇴","suleym (59K)","SuleY","20775","3.5","7.51","0.467","Elite Striker","D-Tier","946","523","423","55.29","1.24","1.99","0.44","0.55","0.25","1884","412","524","232","239","45.70","82.06","21.76","17.94","2.43","2.30","18.58","2.26","2820"
"347","🇷🇺","sleepy (59K)","SleepyMall57","218026","3.5","6.85","0.508","Elite Striker","D-Tier","1223","606","617","49.55","0.98","1.22","0.41","0.68","0.11","1489","500","827","131","224","36.96","74.86","35.71","25.14","1.63","1.79","29.37","6.31","2816"
"348","🇦🇹","zieben (56K)","cr7austrian","58485","3.5","7.13","0.495","Opportunist Striker","D-Tier","1134","511","623","45.06","0.82","1.32","0.49","0.85","0.16","1493","559","967","181","173","33.86","72.76","39.31","27.24","1.81","2.01","32.03","5.34","3019"
"349","🇭🇺","triplap (53K)","Hepy","176326","3.5","7.13","0.490","All-Round Midfielder","D-Tier","1102","567","535","51.45","1.06","1.05","0.57","0.91","0.15","1160","627","1003","165","173","30.51","64.91","46.37","35.09","1.62","1.81","35.95","6.08","2790"
"350","🇲🇦","#~zl'saad (50K)","carbon1234","468477","3.5","7.23","0.483","Inconsistent Midfielder","D-Tier","1056","454","602","42.99","0.75","0.81","0.52","1.49","0.17","860","553","1575","179","103","22.69","60.86","64.68","39.14","1.34","2.14","52.71","8.80","2988"
"351","🇸🇦","6_6 (33K)","Katlin","462641","3.5","9.85","0.355","Elite Striker","D-Tier","444","258","186","58.11","1.39","2.01","0.73","1.36","0.24","894","323","606","108","140","54.26","73.46","40.40","26.54","2.74","3.14","33.24","5.61","1823"
"352","🇹🇷","hu:boudicash:hu (33K)","Boudica","442003","3.5","8.72","0.407","Ball-Chasing Striker","D-Tier","548","302","246","55.11","1.23","1.27","0.72","1.46","0.17","697","396","801","93","80","26.49","63.77","53.47","36.23","1.99","2.56","42.29","8.61","1894"
"353","🇪🇸","damaster (80K)","THExMASTER","184572","3.4","4.79","0.711","Inconsistent Midfielder","D-Tier","2686","826","1860","30.75","0.44","0.74","0.42","0.66","0.25","1982","1119","1776","663","163","19.73","63.91","47.26","36.09","1.15","1.15","36.42","2.68","4877"
"354","🇪🇸","navarro (77K)","Navarro","16978","3.4","5.54","0.621","Inconsistent Midfielder","D-Tier","1970","710","1260","36.04","0.56","0.95","0.36","0.66","0.19","1875","714","1292","368","208","29.30","72.42","40.80","27.58","1.31","1.42","33.29","3.51","3881"
"355","🇸🇦","ksa\\ziyad (65K)","Ziyad1421sa","102579","3.4","6.43","0.536","Ball-Chasing Striker","D-Tier","1405","614","791","43.70","0.78","1.37","0.51","0.58","0.20","1921","716","819","281","166","27.04","72.85","29.89","27.15","1.88","1.75","23.70","2.91","3456"
"356","🇵🇱","jurekowsik (62K)","Ranger2400","36061","3.4","6.48","0.522","Ball-Chasing Striker","D-Tier","1310","530","780","40.46","0.68","1.31","0.49","0.65","0.17","1720","643","848","221","170","32.08","72.79","33.02","27.21","1.80","1.79","26.41","3.84","3211"
"357","🇸🇰","gusons (52K)","gusons","176177","3.4","7.68","0.438","Opportunist Striker","D-Tier","755","347","408","45.96","0.85","2.35","0.70","0.69","0.16","1777","525","522","122","156","44.96","77.19","22.71","22.81","3.05","2.88","18.48","4.28","2824"
"358","🇹🇳","pouta_is_back (52K)","Pouta","178075","3.4","6.66","0.503","All-Round Midfielder","D-Tier","1185","522","663","44.05","0.79","0.95","0.51","1.06","0.18","1126","609","1259","211","124","23.75","64.90","52.79","35.10","1.46","1.83","42.05","5.97","2994"
"359","🇨🇴","wazza (49K)","Jhojan","144015","3.4","7.43","0.462","Opportunist Striker","D-Tier","912","423","489","46.38","0.87","1.49","0.62","0.73","0.32","1358","570","664","292","151","35.70","70.44","32.84","29.56","2.11","1.90","25.62","2.27","2592"
"360","🇲🇦","orangix (47K)","Orangix","76701","3.4","7.30","0.460","Opportunist Striker","D-Tier","903","420","483","46.51","0.87","1.39","0.49","0.84","0.17","1257","438","762","158","146","34.76","74.16","37.74","25.84","1.88","2.06","31.01","4.82","2457"
"361","🇩🇿","chiefchurches22 (47K)","ExiiiMoSs","298633","3.4","7.23","0.463","Opportunist Striker","D-Tier","918","397","521","43.25","0.76","1.56","0.62","0.77","0.28","1433","570","704","258","123","30.98","71.54","32.94","28.46","2.18","2.05","26.01","2.73","2707"
"362","🇲🇽","velocity (45K)","Henry47","346574","3.4","7.51","0.457","Opportunist Striker","D-Tier","880","443","437","50.34","1.01","1.22","0.58","1.03","0.17","1070","509","904","149","131","29.57","67.76","45.80","32.24","1.79","2.07","36.41","6.07","2483"
"363","🇸🇦","tbaccent711 (39K)","Faisal711ksa1","208060","3.4","7.93","0.422","Elite Striker","D-Tier","646","324","322","50.15","1.01","1.56","0.58","0.89","0.19","1009","373","574","122","125","38.58","73.01","36.26","26.99","2.14","2.26","29.35","4.70","1956"
"364","🇵🇱","irvs (37K)","Irvs126","354637","3.4","8.57","0.400","Elite Striker","D-Tier","500","282","218","56.40","1.29","2.46","0.71","0.91","0.23","1228","353","454","117","130","46.10","77.67","26.99","22.33","3.16","3.13","22.31","3.88","2035"
"365","🇭🇷","ngolo (35K)","Dani2018","319555","3.4","8.03","0.426","Ball-Chasing Striker","D-Tier","676","282","394","41.72","0.72","1.34","0.59","1.22","0.17","909","402","827","118","108","38.30","69.34","47.64","30.66","1.94","2.39","38.68","7.01","2138"
"366","🇳🇱","bezyspeshnny (34K)","BlackLine","52050","3.4","8.22","0.415","Elite Striker","D-Tier","602","318","284","52.82","1.12","1.51","0.55","0.89","0.17","912","333","535","100","142","44.65","73.25","36.97","26.75","2.07","2.24","30.06","5.35","1780"
"367","🇵🇱","pijaq (33K)","Dettlaff","431203","3.4","8.35","0.401","Elite Striker","D-Tier","507","324","183","63.91","1.77","1.85","0.80","0.75","0.16","936","407","379","82","110","33.95","69.69","28.82","30.31","2.65","2.43","22.01","4.62","1722"
"368","🇧🇷","~patosorveteiro (65K)","PatoSorveteiro","22104","3.3","5.68","0.582","Inconsistent Midfielder","D-Tier","1711","661","1050","38.63","0.63","0.80","0.42","0.86","0.21","1364","720","1480","365","149","22.54","65.45","52.04","34.55","1.22","1.45","41.53","4.05","3564"
"369","🇲🇦","amrabat (58K)","abaza","427177","3.3","6.56","0.510","Ball-Chasing Striker","D-Tier","1230","552","678","44.88","0.81","1.26","0.58","0.67","0.26","1552","713","830","322","143","25.91","68.52","34.84","31.48","1.84","1.67","26.82","2.58","3095"
"370","🇪🇬","x!kayyali! (51K)","Kayyali","184722","3.3","10.00","0.334","Elite Goalkeeper","D-Tier","417","207","210","49.64","0.99","2.09","0.75","6.37","0.28","872","314","2657","116","92","44.44","73.52","75.29","26.48","2.84","8.18","69.14","22.91","3843"
"371","🇦🇷","pier (46K)","PIER19998054","441686","3.3","7.43","0.443","Elite Striker","D-Tier","789","391","398","49.56","0.98","1.68","0.53","0.70","0.28","1324","421","555","223","145","37.08","75.87","29.54","24.13","2.21","2.10","24.13","2.49","2300"
"372","🇹🇷","#emre~| (44K)","emreata058","269446","3.3","7.50","0.436","Elite Striker","D-Tier","742","365","377","49.19","0.97","1.82","0.62","0.70","0.28","1349","462","517","206","134","36.71","74.49","27.71","25.51","2.44","2.24","22.21","2.51","2328"
"373","🇪🇬","ihack (43K)","ahmedshams99","24438","3.3","7.41","0.441","Elite Striker","D-Tier","773","392","381","50.71","1.03","1.57","0.58","0.61","0.22","1216","451","469","172","149","38.01","72.95","27.83","27.05","2.16","1.96","21.96","2.73","2136"
"374","🇫🇷","gratislily74 (38K)","adem994","215689","3.3","7.91","0.423","Elite Striker","D-Tier","651","349","302","53.61","1.16","1.57","0.52","0.78","0.20","1022","337","505","128","148","42.41","75.20","33.07","24.80","2.09","2.15","27.09","3.95","1864"
"375","🇸🇦","........ (36K)","LiteCraft","474585","3.3","10.00","0.327","Elite Striker","D-Tier","409","243","166","59.41","1.46","2.36","0.70","1.71","0.23","966","288","700","94","149","61.32","77.03","42.02","22.97","3.07","3.84","35.82","7.45","1954"
"376","🇧🇷","nen (35K)","'K'akashi<~","31340","3.3","8.32","0.394","Elite Striker","D-Tier","492","260","232","52.85","1.12","1.92","0.51","0.94","0.32","944","252","461","156","125","48.08","78.93","32.81","21.07","2.43","2.54","27.82","2.96","1657"
"377","🇷🇺","agapchan (33K)","ArtemCrazy","127441","3.3","8.27","0.398","Elite Striker","D-Tier","497","289","208","58.15","1.39","1.95","0.75","0.60","0.25","969","371","297","124","143","49.48","72.31","23.46","27.69","2.70","2.30","18.14","2.40","1637"
"378","🇹🇳","zg'myth (32K)","Mythanon","321429","3.3","8.47","0.386","Elite Striker","D-Tier","483","263","220","54.45","1.20","1.92","0.67","1.05","0.26","925","322","507","124","98","37.26","74.18","35.41","25.82","2.58","2.71","28.91","4.09","1754"
"379","🇦🇷","superpotato (55K)","SuperPotato12","186604","3.2","6.15","0.529","Standard Playmaker","D-Tier","1357","655","702","48.27","0.93","1.15","0.46","0.37","0.26","1557","624","498","348","232","35.42","71.39","24.23","28.61","1.61","1.26","18.59","1.43","2679"
"380","🇦🇷","macabresombrero35 (52K)","Einlanzer","62538","3.2","7.11","0.449","Elite Striker","D-Tier","826","436","390","52.78","1.12","2.01","0.48","0.42","0.30","1661","393","346","247","187","42.89","80.87","17.24","19.13","2.49","2.13","14.42","1.40","2400"
"381","🇩🇿","barbarousspurs41 (49K)","mustapha022","279861","3.2","6.51","0.486","Ball-Chasing Striker","D-Tier","1073","506","567","47.16","0.89","1.35","0.55","0.52","0.27","1449","589","558","292","141","27.87","71.10","27.80","28.90","1.90","1.60","21.49","1.91","2596"
"382","🇷🇺","velikoross (49K)","AG097","306721","3.2","6.89","0.467","Opportunist Striker","D-Tier","948","417","531","43.99","0.79","1.74","0.49","0.56","0.19","1649","463","535","176","157","37.65","78.08","24.50","21.92","2.23","2.12","20.21","3.04","2647"
"383","🇩🇿","/b0yka?? (43K)","DZseif","355033","3.2","7.54","0.431","Opportunist Striker","D-Tier","708","325","383","45.90","0.85","2.05","0.79","0.79","0.28","1449","562","558","201","95","29.23","72.05","27.80","27.95","2.84","2.55","21.72","2.78","2569"
"384","🇧🇬","confucos (43K)","Wild2001","183148","3.2","7.14","0.444","Elite Striker","D-Tier","796","387","409","48.62","0.95","1.41","0.53","0.68","0.17","1126","422","541","132","131","33.85","72.74","32.45","27.26","1.94","1.93","25.90","4.10","2089"
"385","🇹🇳","tfrozent (41K)","Aminebayar","178563","3.2","7.19","0.444","Opportunist Striker","D-Tier","791","351","440","44.37","0.80","1.52","0.50","0.78","0.21","1201","396","614","167","115","32.76","75.20","33.83","24.80","2.02","2.08","27.77","3.68","2211"
"386","🇧🇷","~~~>flaaaa'ubrab0 (36K)","mucadammm","400103","3.2","7.28","0.435","All-Round Midfielder","D-Tier","735","319","416","43.40","0.77","1.11","0.61","1.28","0.34","814","447","940","248","62","19.44","64.55","53.59","35.45","1.72","2.05","42.71","3.79","2201"
"387","🇵🇱","pijaq* (35K)","R0N1!","225336","3.2","7.34","0.438","Elite Striker","D-Tier","750","491","259","65.47","1.90","2.19","0.74","0.00","0.15","1646","555","0","109","230","46.84","74.78","0.00","25.22","2.93","2.05","0.00","0.00","2201"
"388","🇵🇱","minidemo (35K)","MiniDemo","291157","3.2","7.51","0.425","Opportunist Striker","D-Tier","666","288","378","43.24","0.76","1.46","0.60","0.98","0.28","975","401","650","185","85","29.51","70.86","40.00","29.14","2.07","2.16","32.08","3.51","2026"
"389","🇭🇺","losi (33K)","Losi","102844","3.2","7.68","0.413","Opportunist Striker","D-Tier","585","276","309","47.18","0.89","1.68","0.63","0.79","0.20","981","370","465","119","105","38.04","72.61","32.16","27.39","2.31","2.27","25.61","3.91","1816"
"390","🇵🇱","kasy (31K)","Pudzian1666","185838","3.2","8.03","0.399","Elite Striker","D-Tier","499","242","257","48.50","0.94","1.85","0.82","0.80","0.34","925","407","399","172","95","39.26","69.44","30.14","30.56","2.67","2.31","23.05","2.32","1731"
"391","🇹🇷","quaresma (71K)","MarioGomez35","190691","3.1","5.54","0.564","All-Round Midfielder","D-Tier","1594","740","854","46.42","0.87","1.11","0.42","0.40","0.15","1762","663","644","246","165","22.30","72.66","26.77","27.34","1.52","1.36","20.98","2.62","3069"
"392","🇸🇦","$./sn (45K)","x4nf","481937","3.1","6.84","0.458","Ball-Chasing Striker","D-Tier","886","431","455","48.65","0.95","1.40","0.57","0.66","0.13","1239","503","586","117","109","25.29","71.13","32.11","28.87","1.97","1.93","25.17","5.01","2328"
"393","🇮🇷","[asw]iker (44K)","amirabbasbosbeyro","480728","3.1","6.54","0.472","Inconsistent Midfielder","D-Tier","979","370","609","37.79","0.61","1.03","0.38","1.12","0.18","1006","371","1098","174","99","26.76","73.06","52.19","26.94","1.41","1.97","44.36","6.31","2475"
"394","🇸🇦","xx~mohamed~xx (42K)","MOHAMEDCOOL222","223142","3.1","6.83","0.459","All-Round Midfielder","D-Tier","890","417","473","46.85","0.88","1.12","0.60","0.88","0.22","994","530","785","193","105","25.18","65.22","44.13","34.78","1.71","1.78","34.00","4.07","2309"
"395","🇱🇹","crowd! (42K)","Nerijusk112","289724","3.1","6.87","0.454","Ball-Chasing Striker","D-Tier","860","389","471","45.23","0.83","1.31","0.58","0.94","0.23","1124","501","812","194","66","16.97","69.17","41.94","30.83","1.89","2.03","33.32","4.19","2437"
"396","🇷🇺","vastorchestra25 (40K)","DroseL","148156","3.1","7.56","0.414","Elite Striker","D-Tier","591","337","254","57.02","1.33","2.00","0.66","0.45","0.17","1180","393","266","100","140","41.54","75.02","18.40","24.98","2.66","2.28","14.46","2.66","1839"
"397","🇩🇪","mstrbrights!de (36K)","MrBrightside","115564","3.1","7.66","0.408","Elite Striker","D-Tier","552","274","278","49.64","0.99","1.92","0.61","0.62","0.20","1059","336","343","113","126","45.99","75.91","24.47","24.09","2.53","2.34","19.74","3.04","1738"
"398","🇭🇷","|gsf|finn (33K)","CroPoSeIdoN","60381","3.1","7.72","0.402","Elite Striker","D-Tier","513","270","243","52.63","1.11","1.96","0.70","0.57","0.17","1005","359","290","86","118","43.70","73.68","22.39","26.32","2.66","2.36","17.53","3.37","1654"
"399","🇲🇦","hazaaard?! (33K)","maradona123","468717","3.1","7.41","0.418","Ball-Chasing Striker","D-Tier","619","277","342","44.75","0.81","1.56","0.63","0.92","0.26","967","391","572","160","69","24.91","71.21","37.17","28.79","2.19","2.23","29.64","3.58","1930"
"400","🇷🇺","vanov43 (31K)","Chalachka2837","152676","3.1","7.57","0.412","Opportunist Striker","D-Tier","579","256","323","44.21","0.79","1.37","0.66","0.95","0.30","794","384","549","171","85","33.20","67.40","40.88","32.60","2.03","2.02","31.79","3.21","1727"
"401","🇪🇬","hfgrio (34K)","McOwens","354241","3.0","6.74","0.449","Inconsistent Midfielder","D-Tier","825","320","505","38.79","0.63","0.74","0.47","1.40","0.20","612","384","1154","167","76","23.75","61.45","65.35","38.55","1.21","1.94","53.67","6.91","2150"
"402","🇺🇾","succinctin-laws0 (55K)","drunksexy","206650","3.0","5.72","0.515","All-Round Midfielder","E-Tier","1266","640","626","50.55","1.02","0.96","0.52","0.57","0.27","1220","655","717","344","103","16.09","65.07","37.02","34.93","1.48","1.26","27.66","2.08","2592"
"403","🇧🇬","ivkatax (50K)","agentbossbg","205239","3.0","5.49","0.537","Inconsistent Midfielder","E-Tier","1414","495","919","35.01","0.54","0.73","0.49","0.89","0.24","1036","686","1264","345","96","19.39","60.16","54.96","39.84","1.22","1.38","42.33","3.66","2986"
"404","🇪🇬","m.elgdawe (39K)","fr3on2001","295844","3.0","7.04","0.433","Opportunist Striker","D-Tier","721","382","339","52.98","1.13","1.49","0.67","0.47","0.25","1071","482","339","182","110","28.80","68.96","24.04","31.04","2.15","1.70","17.92","1.86","1892"
"405","🇷🇺","well-offjaguar69 (39K)","Demoniac","118137","3.0","8.39","0.363","Elite Striker","D-Tier","454","270","184","59.47","1.47","2.24","0.67","0.69","0.26","1016","306","311","116","136","50.37","76.85","23.44","23.15","2.91","2.67","19.04","2.68","1633"
"406","🇹🇷","jackson (38K)","matador135","475045","3.0","6.80","0.446","Inconsistent Midfielder","D-Tier","809","338","471","41.78","0.72","0.97","0.48","1.18","0.20","784","389","958","165","82","24.26","66.84","54.99","33.16","1.45","1.95","44.96","5.81","2131"
"407","🇷🇺","bobcat|n9.|~ (37K)","[B]obcat","19127","3.0","6.76","0.441","Opportunist Striker","E-Tier","775","337","438","43.48","0.77","1.33","0.51","0.62","0.16","1027","398","482","126","123","36.50","72.07","31.94","27.93","1.84","1.78","25.28","3.83","1907"
"408","🇹🇳","robben! (35K)","siislem1","154827","3.0","7.07","0.432","Elite Striker","D-Tier","712","369","343","51.83","1.08","1.31","0.53","0.66","0.21","930","377","472","153","123","33.33","71.16","33.67","28.84","1.84","1.75","26.53","3.08","1779"
"409","🇷🇺","traxtenberg (35K)","agmo","14291","3.0","7.01","0.421","Ball-Chasing Striker","E-Tier","638","265","373","41.54","0.71","1.55","0.64","0.67","0.15","987","411","425","94","83","31.32","70.60","30.10","29.40","2.19","2.07","23.31","4.52","1823"
"410","🇷🇴","lassu_anett (34K)","SzabikaX","185960","3.0","7.27","0.406","Opportunist Striker","E-Tier","543","240","303","44.20","0.79","2.29","0.78","0.59","0.34","1246","424","319","186","87","36.25","74.61","20.38","25.39","3.08","2.54","16.04","1.72","1989"
"411","🇪🇪","djck (34K)","PROblemka","144130","3.0","7.15","0.420","Opportunist Striker","D-Tier","635","324","311","51.02","1.04","1.34","0.60","0.67","0.26","848","378","424","164","105","32.41","69.17","33.33","30.83","1.93","1.74","25.70","2.59","1650"
"412","🇨🇿","burnzie (33K)","Jiry","77781","3.0","7.33","0.413","Opportunist Striker","D-Tier","584","337","247","57.71","1.36","1.54","0.70","0.44","0.15","898","409","258","86","106","31.45","68.71","22.32","31.29","2.24","1.83","16.49","3.00","1565"
"413","🇭🇺","icychalice70 (33K)","Miajelim01","397059","3.0","6.84","0.435","Ball-Chasing Striker","E-Tier","733","305","428","41.61","0.71","1.27","0.59","0.86","0.30","931","431","630","221","82","26.89","68.36","40.36","31.64","1.86","1.83","31.63","2.85","1992"
"414","🇭🇺","sur! (33K)","sur123","212727","3.0","7.36","0.414","Elite Striker","D-Tier","596","290","306","48.66","0.95","1.57","0.57","0.58","0.16","934","341","348","98","118","40.69","73.25","27.15","26.75","2.14","1.99","21.44","3.55","1623"
"415","🇸🇦","!weqk (32K)","walid01","169975","3.0","7.50","0.405","Elite Striker","D-Tier","535","257","278","48.04","0.92","1.73","0.60","0.72","0.22","924","323","383","120","96","37.35","74.10","29.30","25.90","2.33","2.22","23.50","3.19","1630"
"416","🇪🇬","boolingham (32K)","Boody","169201","3.0","6.93","0.434","Inconsistent Midfielder","D-Tier","729","298","431","40.88","0.69","0.98","0.52","1.12","0.23","715","377","819","171","91","30.54","65.48","53.39","34.52","1.50","1.87","42.86","4.79","1911"
"417","🇧🇷","|bope|paulo (31K)","Schimia","33935","3.0","7.46","0.407","Elite Striker","D-Tier","544","262","282","48.16","0.93","1.85","0.48","0.69","0.33","1009","261","374","177","114","43.51","79.45","27.04","20.55","2.33","2.22","22.75","2.11","1644"
"418","🇯🇴",",+'m[!]x (39K)","AL-BosS","4368","2.9","6.43","0.454","Ball-Chasing Striker","E-Tier","863","363","500","42.06","0.73","1.24","0.59","0.71","0.24","1074","506","615","204","86","23.69","67.97","36.41","32.03","1.83","1.72","28.02","3.01","2195"
"419","🇵🇱","giermek (38K)","Giermek","93571","2.9","6.48","0.443","Opportunist Striker","E-Tier","788","388","400","49.24","0.97","1.29","0.43","0.52","0.19","1017","341","406","150","123","31.70","74.89","28.53","25.11","1.72","1.62","23.02","2.71","1764"
"420","🇹🇷","{ragnarok (37K)","Ragnaroktr","288176","2.9","6.39","0.456","Ball-Chasing Striker","E-Tier","871","347","524","39.84","0.66","1.34","0.52","0.57","0.23","1171","451","498","199","111","31.99","72.19","29.84","27.81","1.86","1.69","23.49","2.50","2120"
"421","🇨🇴","ovalhawk61 (36K)","Zaufra","198162","2.9","6.47","0.444","Ball-Chasing Striker","E-Tier","790","363","427","45.95","0.85","1.35","0.51","0.58","0.25","1070","399","457","201","97","26.72","72.84","29.93","27.16","1.86","1.68","23.73","2.27","1926"
"422","🇹🇳","khiddfury (34K)","KhiddFury","426411","2.9","6.84","0.420","Elite Striker","E-Tier","631","307","324","48.65","0.95","1.84","0.61","0.36","0.22","1163","386","227","140","114","37.13","75.08","16.33","24.92","2.45","1.98","12.78","1.62","1776"
"423","🇪🇬",")))pity((( (34K)","ElPadre","458367","2.9","6.53","0.437","Opportunist Striker","E-Tier","747","328","419","43.91","0.78","1.23","0.44","0.76","0.14","920","327","564","103","94","28.66","73.78","38.01","26.22","1.67","1.85","31.14","5.48","1811"
"424","🇰🇿","lfc|mane (33K)","CapKZ","322970","2.9","6.77","0.431","Ball-Chasing Striker","E-Tier","708","292","416","41.24","0.70","1.48","0.65","0.56","0.25","1047","462","400","176","89","30.48","69.38","27.64","30.62","2.13","1.80","20.95","2.27","1909"
"425","🇸🇮","~zanslo (32K)","Zan10","178478","2.9","7.87","0.373","Elite Striker","E-Tier","466","266","200","57.08","1.33","1.98","0.55","0.59","0.26","923","258","273","122","126","47.37","78.15","22.83","21.85","2.53","2.30","18.78","2.24","1454"
"426","🇮🇹","armagheddon (39K)","Manmac89","1445","2.8","8.38","0.330","Elite Striker","E-Tier","412","255","157","61.89","1.62","2.84","0.63","0.54","0.17","1169","261","221","69","151","59.22","81.75","15.90","18.25","3.47","3.21","13.39","3.20","1651"
"427","🇷🇺","lmnrst (38K)","LEtOPRSt","175412","2.8","6.16","0.447","Inconsistent Midfielder","E-Tier","816","344","472","42.16","0.73","1.00","0.46","0.88","0.25","819","375","722","201","73","21.22","68.59","46.85","31.41","1.46","1.64","37.68","3.59","1916"
"428","🇹🇷","bitterharbor85 (34K)","FahrettinKing","182046","2.8","6.52","0.424","Opportunist Striker","E-Tier","661","318","343","48.11","0.93","1.25","0.44","0.55","0.22","829","294","366","147","105","33.02","73.82","30.63","26.18","1.70","1.59","24.58","2.49","1489"
"429","🇹🇳","chmchmli (32K)","linkoboda","352465","2.8","6.52","0.434","All-Round Midfielder","E-Tier","726","325","401","44.77","0.81","1.14","0.62","0.77","0.19","830","447","556","140","75","23.08","65.00","40.12","35.00","1.76","1.72","30.33","3.97","1833"
"430","🇦🇿","by_fedya (32K)","Elmir2020","438529","2.8","6.24","0.444","Inconsistent Midfielder","E-Tier","794","319","475","40.18","0.67","1.05","0.47","0.89","0.24","834","375","703","192","75","23.51","68.98","45.74","31.02","1.52","1.69","36.77","3.66","1912"
"431","🇪🇸","+ksr (47K)","Kai$er","1290","2.7","5.47","0.499","All-Round Midfielder","E-Tier","1161","510","651","43.93","0.78","1.15","0.53","0.33","0.18","1333","616","385","214","107","20.98","68.39","22.41","31.61","1.68","1.30","16.50","1.80","2334"
"432","🇭🇺","tomix (36K)","Tomi200","87992","2.7","6.14","0.444","All-Round Midfielder","E-Tier","791","367","424","46.40","0.87","1.15","0.49","0.53","0.19","912","391","417","153","102","27.79","69.99","31.38","30.01","1.65","1.49","24.24","2.73","1720"
"433","🇹🇷","kekorizasyon (31K)","Kekorizasyon","392744","2.7","6.04","0.446","Inconsistent Midfielder","E-Tier","806","305","501","37.84","0.61","1.06","0.40","0.77","0.17","857","322","618","141","90","29.51","72.69","41.90","27.31","1.46","1.66","34.39","4.38","1797"
"434","🇹🇳","bd""m41rix (31K)","MaTrixsG","225524","2.7","6.26","0.436","Inconsistent Midfielder","E-Tier","737","301","436","40.84","0.69","1.04","0.52","0.71","0.27","770","380","526","199","94","31.23","66.96","40.59","33.04","1.56","1.49","31.38","2.64","1676"
"435","🇹🇷","brawnyviolin77 (31K)","cellat15","106505","2.7","6.36","0.424","Ball-Chasing Striker","E-Tier","662","275","387","41.54","0.71","1.29","0.50","0.59","0.24","854","330","392","161","85","30.91","72.13","31.46","27.87","1.79","1.64","24.87","2.43","1576"
"436","🇬🇧","o|kbst (62K)","kbst","175316","2.6","4.54","0.573","All-Round Midfielder","E-Tier","1656","749","907","45.23","0.83","0.78","0.43","0.20","0.15","1298","704","334","256","136","18.16","64.84","20.47","35.16","1.21","0.83","14.30","1.30","2336"
"437","🇪🇬","ftdfoxx (31K)","moaz8","285452","2.6","5.70","0.449","All-Round Midfielder","E-Tier","827","376","451","45.47","0.83","0.86","0.48","0.68","0.15","713","395","560","125","77","20.48","64.35","43.99","35.65","1.34","1.39","33.57","4.48","1668"
"438","🇪🇬","fs|trezeguet (31K)","turkeyy2002","295846","2.6","6.07","0.431","Ball-Chasing Striker","E-Tier","710","326","384","45.92","0.85","1.21","0.61","0.41","0.29","858","432","291","203","85","26.07","66.51","25.33","33.49","1.82","1.33","18.41","1.43","1581"
"439","🇵🇸","ps|^mohammad (35K)","mohammad11","196773","2.5","5.61","0.454","Inconsistent Midfielder","E-Tier","861","345","516","40.07","0.67","1.06","0.44","0.50","0.16","911","379","430","135","95","27.54","70.62","32.07","29.38","1.50","1.40","25.00","3.19","1720"
"440","🇭🇺","toshyro (33K)","Kyking","173460","2.5","10.00","0.250","Passive Goalkeeper","E-Tier","312","136","176","43.59","0.77","1.12","0.53","6.66","0.18","349","165","2077","56","39","28.68","67.90","85.61","32.10","1.65","7.60","80.16","37.09","2591"
"441","🇮🇱","k0v4c!c (32K)","kovacic11","275345","2.5","5.52","0.450","Inconsistent Midfielder","E-Tier","836","346","490","41.39","0.71","0.95","0.48","0.67","0.23","792","401","559","196","59","17.05","66.39","41.38","33.61","1.43","1.38","31.91","2.85","1752"
"442","🇬🇧","blnk. (33K)","blnK","173078","2.4","8.12","0.290","Elite Striker","E-Tier","362","207","155","57.18","1.34","3.06","0.90","0.40","0.20","1106","326","143","72","113","54.59","77.23","11.45","22.77","3.96","3.25","9.08","1.99","1575"
"443","🇨🇴","msdvbdgcikslsndikvgbfg (42K)","wj02","55491","2.3","5.12","0.452","All-Round Midfielder","E-Tier","848","580","268","68.40","2.16","0.63","0.30","0.33","0.14","537","251","283","119","74","12.76","68.15","34.51","31.85","0.93","0.83","26.42","2.38","1071"
"444","🇹🇷","mylove:) (19K)","Teavon","424310","2.2","9.43","0.236","Elite Striker","E-Tier","295","161","134","54.58","1.20","1.41","0.64","1.62","0.21","416","189","477","62","60","37.27","68.76","53.42","31.24","2.05","2.82","44.09","7.69","1082"
"445","🇱🇧","lynol (17K)","leburu","453710","2.0","6.07","0.330","Inconsistent Midfielder","E-Tier","412","164","248","39.81","0.66","0.97","0.45","0.80","0.14","400","186","328","58","46","28.05","68.26","45.05","31.74","1.42","1.63","35.89","5.66","914"
"446","🇩🇪","rs|sam. (35K)","SamuelSienna","126916","2.0","8.85","0.229","Elite Striker","E-Tier","286","172","114","60.14","1.51","4.13","1.19","0.64","0.31","1181","341","184","88","98","56.98","77.60","13.48","22.40","5.32","4.47","10.79","2.09","1706"
"447","🇵🇪","~[lpg]~vegeto^ (9K)","Vegeto1","5146","1.0","6.80","0.142","Opportunist Striker","E-Tier","178","86","92","48.31","0.93","1.50","0.59","0.42","0.18","267","105","75","32","28","32.56","71.77","21.93","28.23","2.09","1.74","16.78","2.34","447"
"448","🇵🇪","alessiafr (6K)","FranK356","425834","0.7","6.36","0.110","All-Round Midfielder","E-Tier","138","68","70","49.28","0.97","1.07","0.57","0.56","0.25","148","78","77","34","20","29.41","65.49","34.22","34.51","1.64","1.38","25.41","2.26","303"
"449","🇷🇴","razero (7K)","IDontKnowWhoAmI","454871","0.6","9.11","0.070","Elite Striker","E-Tier","88","66","22","75.00","3.00","1.50","0.66","0.89","0.08","132","58","78","7","26","39.39","69.47","37.14","30.53","2.16","2.31","29.10","11.14","268"
"450","🇭🇺","eron (42K)","Aronkavok","261040","0.6","10.00","0.062","Passive Goalkeeper","E-Tier","77","32","45","41.56","0.71","0.84","0.53","51.25","0.19","65","41","3946","15","6","18.75","61.32","98.38","38.68","1.38","51.90","97.38","263.07","4052"
"451","🇷🇺","godsent (6K)","sgod","473027","0.5","7.23","0.070","Elite Striker","E-Tier","88","46","42","52.27","1.10","1.59","0.51","0.55","0.14","140","45","48","12","17","36.96","75.68","25.53","24.32","2.10","2.00","20.60","4.00","233"
"452","🇹🇷","polize (2K)","Polizee","424716","0.1","7.03","0.014","All-Round Midfielder","E-Tier","17","11","6","64.71","1.83","0.82","0.47","1.06","0.18","14","8","18","3","2","18.18","63.64","56.25","36.36","1.29","1.71","45.00","6.00","40"
"453","🇩🇪","drex (562)","Dreg12345","361211","0.1","4.18","0.014","Inconsistent Midfielder","E-Tier","17","4","13","23.53","0.31","0.94","0.82","0.35","0.53","16","14","6","9","0","0.00","53.33","27.27","46.67","1.76","0.76","16.67","0.67","36"
"454","🇮🇳","rk/e (1K)","Rutur4J#","242082","0.1","8.10","0.018","Ball-Chasing Striker","E-Tier","23","8","15","34.78","0.53","2.39","0.70","1.43","0.26","55","16","33","6","2","25.00","77.46","37.50","22.54","3.09","3.57","31.73","5.50","104"
"455","🇩🇪","gyurcsany (971)","Martinka10","297305","0.1","7.26","0.014","Elite Striker","E-Tier","17","9","8","52.94","1.12","1.53","0.71","0.47","0.12","26","12","8","2","3","33.33","68.42","23.53","31.58","2.24","1.88","17.39","4.00","46"
"456","🇭🇺","potimax (259)","PotiMax2001","174394","0.1","4.03","0.012","Efficient MVP","E-Tier","15","9","6","60.00","1.50","0.13","0.13","0.00","0.20","2","2","0","3","1","11.11","50.00","0.00","50.00","0.27","-0.07","0.00","0.00","4"
"457","🇷🇺","kawaii (30)","kawaiijopa","442307","0.0","3.50","0.001","All-Round Midfielder","E-Tier","1","1","0","100.00","1.00","0.00","0.00","0.00","0.00","0","0","0","0","0","0.00","0.00","0.00","0.00","0.00","0.00","0.00","0.00","0"
"458","🇹🇷","toretto (18)","torretto61","390687","0.0","0.00","0.000","Unranked","E-Tier","0","0","0","0.00","0.00","0.00","0.00","0.00","0.00","0","1","1","0","0","0.00","0.00","0.00","0.00","0.00","0.00","0.00","0.00","0"
"459","🇧🇷","ghost (1K)","Ghost447","195823","0.0","1.00","0.002","Inconsistent Midfielder","E-Tier","2","0","2","0.00","0.00","0.00","0.00","0.00","0.00","0","0","0","0","0","0.00","0.00","0.00","0.00","0.00","0.00","0.00","0.00","0"
"460","🇺🇦","faketaxi (1K)","DanyaGTR","265935","0.0","1.50","0.001","Liability Goalkeeper","E-Tier","1","0","1","0.00","0.00","0.00","0.00","1.00","1.00","0","0","1","1","0","0.00","0.00","100.00","0.00","0.00","0.00","100.00","1.00","1"
"461","🇰🇿","marsik (30)","MARSIK","385125","0.0","1.75","0.002","All-Round Midfielder","E-Tier","2","1","1","50.00","1.00","0.00","0.00","0.00","0.00","0","0","0","0","0","0.00","0.00","0.00","0.00","0.00","0.00","0.00","0.00","0"
"462","🇭🇺","ambri (270)","Ambrika","173912","0.0","10.00","0.002","Elite Striker","E-Tier","3","2","1","66.67","2.00","2.33","0.00","2.67","0.00","7","0","8","0","1","50.00","100.00","53.33","0.00","2.33","5.00","53.33","8.00","15"
"463","🇳🇵","base (63)","diegozmweb","331725","0.0","1.64","0.006","Inconsistent Midfielder","E-Tier","7","1","6","14.29","0.17","0.43","0.14","0.14","0.29","3","1","1","2","0","0.00","75.00","25.00","25.00","0.57","0.29","20.00","0.50","5"
"464","🇹🇳","yaya (45)","Pitt83","170930","0.0","5.00","0.001","All-Round Midfielder","E-Tier","1","1","0","100.00","1.00","1.00","0.00","0.00","0.00","1","0","0","0","0","0.00","100.00","0.00","0.00","1.00","1.00","0.00","0.00","1"
"465","🇵🇸","m16 (1K)","AnZoR","471504","0.0","0.00","0.000","Unranked","E-Tier","0","0","0","0.00","0.00","0.00","0.00","0.00","0.00","2","2","0","0","0","0.00","0.00","0.00","0.00","0.00","0.00","0.00","0.00","0"
"466","🇭🇺","elcaminossenjoyer (1K)","rxhu","467174","0.0","4.00","0.002","Ball-Chasing Striker","E-Tier","2","1","1","50.00","1.00","1.50","0.00","0.00","0.00","3","0","0","0","0","0.00","100.00","0.00","0.00","1.50","1.50","0.00","0.00","3"
"467","🇳🇱","modern (81)","Redtuber","156181","0.0","3.25","0.002","Ball-Chasing Striker","E-Tier","3","0","3","0.00","0.00","1.67","0.67","0.00","0.33","5","2","0","1","0","0.00","71.43","0.00","28.57","2.33","1.33","0.00","0.00","7"
